<ForceField>
<AtomTypes>
<Type name="opls_829" class="H829" element="H" mass="1.008000" />
<Type name="opls_809" class="C809" element="C" mass="12.011000" />
<Type name="opls_851" class="H851" element="H" mass="1.008000" />
<Type name="opls_822" class="C822" element="C" mass="12.011000" />
<Type name="opls_845" class="H845" element="H" mass="1.008000" />
<Type name="opls_835" class="H835" element="H" mass="1.008000" />
<Type name="opls_814" class="O814" element="O" mass="15.999000" />
<Type name="opls_838" class="H838" element="H" mass="1.008000" />
<Type name="opls_818" class="C818" element="C" mass="12.011000" />
<Type name="opls_854" class="H854" element="H" mass="1.008000" />
<Type name="opls_826" class="O826" element="O" mass="15.999000" />
<Type name="opls_849" class="H849" element="H" mass="1.008000" />
<Type name="opls_823" class="C823" element="C" mass="12.011000" />
<Type name="opls_820" class="C820" element="C" mass="12.011000" />
<Type name="opls_825" class="O825" element="O" mass="15.999000" />
<Type name="opls_801" class="C801" element="C" mass="12.011000" />
<Type name="opls_828" class="C828" element="C" mass="12.011000" />
<Type name="opls_842" class="H842" element="H" mass="1.008000" />
<Type name="opls_806" class="O806" element="O" mass="15.999000" />
<Type name="opls_805" class="C805" element="C" mass="12.011000" />
<Type name="opls_837" class="H837" element="H" mass="1.008000" />
<Type name="opls_834" class="H834" element="H" mass="1.008000" />
<Type name="opls_827" class="O827" element="O" mass="15.999000" />
<Type name="opls_832" class="H832" element="H" mass="1.008000" />
<Type name="opls_811" class="O811" element="O" mass="15.999000" />
<Type name="opls_853" class="H853" element="H" mass="1.008000" />
<Type name="opls_800" class="C800" element="C" mass="12.011000" />
<Type name="opls_817" class="C817" element="C" mass="12.011000" />
<Type name="opls_813" class="C813" element="C" mass="12.011000" />
<Type name="opls_846" class="H846" element="H" mass="1.008000" />
<Type name="opls_847" class="H847" element="H" mass="1.008000" />
<Type name="opls_808" class="O808" element="O" mass="15.999000" />
<Type name="opls_833" class="H833" element="H" mass="1.008000" />
<Type name="opls_852" class="H852" element="H" mass="1.008000" />
<Type name="opls_839" class="H839" element="H" mass="1.008000" />
<Type name="opls_830" class="H830" element="H" mass="1.008000" />
<Type name="opls_848" class="H848" element="H" mass="1.008000" />
<Type name="opls_812" class="C812" element="C" mass="12.011000" />
<Type name="opls_821" class="C821" element="C" mass="12.011000" />
<Type name="opls_802" class="C802" element="C" mass="12.011000" />
<Type name="opls_815" class="C815" element="C" mass="12.011000" />
<Type name="opls_816" class="O816" element="O" mass="15.999000" />
<Type name="opls_819" class="O819" element="O" mass="15.999000" />
<Type name="opls_804" class="C804" element="C" mass="12.011000" />
<Type name="opls_824" class="O824" element="O" mass="15.999000" />
<Type name="opls_843" class="H843" element="H" mass="1.008000" />
<Type name="opls_850" class="H850" element="H" mass="1.008000" />
<Type name="opls_841" class="H841" element="H" mass="1.008000" />
<Type name="opls_840" class="H840" element="H" mass="1.008000" />
<Type name="opls_844" class="H844" element="H" mass="1.008000" />
<Type name="opls_807" class="C807" element="C" mass="12.011000" />
<Type name="opls_810" class="C810" element="C" mass="12.011000" />
<Type name="opls_831" class="H831" element="H" mass="1.008000" />
<Type name="opls_836" class="H836" element="H" mass="1.008000" />
<Type name="opls_803" class="O803" element="O" mass="15.999000" />
</AtomTypes>
<Residues>
<Residue name="UNK">
<Atom name="C00" type="opls_800" />
<Atom name="C01" type="opls_801" />
<Atom name="C02" type="opls_802" />
<Atom name="O03" type="opls_803" />
<Atom name="C04" type="opls_804" />
<Atom name="C05" type="opls_805" />
<Atom name="O06" type="opls_806" />
<Atom name="C07" type="opls_807" />
<Atom name="O08" type="opls_808" />
<Atom name="C09" type="opls_809" />
<Atom name="C0A" type="opls_810" />
<Atom name="O0B" type="opls_811" />
<Atom name="C0C" type="opls_812" />
<Atom name="C0D" type="opls_813" />
<Atom name="O0E" type="opls_814" />
<Atom name="C0F" type="opls_815" />
<Atom name="O0G" type="opls_816" />
<Atom name="C0H" type="opls_817" />
<Atom name="C0I" type="opls_818" />
<Atom name="O0J" type="opls_819" />
<Atom name="C0K" type="opls_820" />
<Atom name="C0M" type="opls_821" />
<Atom name="C0N" type="opls_822" />
<Atom name="C0O" type="opls_823" />
<Atom name="O0P" type="opls_824" />
<Atom name="O0Q" type="opls_825" />
<Atom name="O0R" type="opls_826" />
<Atom name="O0S" type="opls_827" />
<Atom name="C0T" type="opls_828" />
<Atom name="H0U" type="opls_829" />
<Atom name="H0V" type="opls_830" />
<Atom name="H0W" type="opls_831" />
<Atom name="H0X" type="opls_832" />
<Atom name="H0Y" type="opls_833" />
<Atom name="H0Z" type="opls_834" />
<Atom name="H10" type="opls_835" />
<Atom name="H11" type="opls_836" />
<Atom name="H12" type="opls_837" />
<Atom name="H13" type="opls_838" />
<Atom name="H14" type="opls_839" />
<Atom name="H15" type="opls_840" />
<Atom name="H16" type="opls_841" />
<Atom name="H17" type="opls_842" />
<Atom name="H18" type="opls_843" />
<Atom name="H19" type="opls_844" />
<Atom name="H1A" type="opls_845" />
<Atom name="H1B" type="opls_846" />
<Atom name="H1C" type="opls_847" />
<Atom name="H1D" type="opls_848" />
<Atom name="H1E" type="opls_849" />
<Atom name="H1F" type="opls_850" />
<Atom name="H1G" type="opls_851" />
<Atom name="H1H" type="opls_852" />
<Atom name="H1I" type="opls_853" />
<Atom name="H1J" type="opls_854" />
<Bond from="0" to="1"/>
<Bond from="1" to="2"/>
<Bond from="2" to="3"/>
<Bond from="3" to="4"/>
<Bond from="4" to="5"/>
<Bond from="5" to="6"/>
<Bond from="6" to="7"/>
<Bond from="7" to="8"/>
<Bond from="8" to="9"/>
<Bond from="9" to="10"/>
<Bond from="10" to="11"/>
<Bond from="11" to="12"/>
<Bond from="12" to="13"/>
<Bond from="13" to="14"/>
<Bond from="14" to="15"/>
<Bond from="15" to="16"/>
<Bond from="16" to="17"/>
<Bond from="17" to="18"/>
<Bond from="18" to="19"/>
<Bond from="19" to="20"/>
<Bond from="20" to="21"/>
<Bond from="21" to="22"/>
<Bond from="21" to="23"/>
<Bond from="20" to="24"/>
<Bond from="15" to="25"/>
<Bond from="7" to="26"/>
<Bond from="2" to="27"/>
<Bond from="1" to="28"/>
<Bond from="0" to="29"/>
<Bond from="0" to="30"/>
<Bond from="0" to="31"/>
<Bond from="4" to="32"/>
<Bond from="4" to="33"/>
<Bond from="5" to="34"/>
<Bond from="5" to="35"/>
<Bond from="9" to="36"/>
<Bond from="9" to="37"/>
<Bond from="10" to="38"/>
<Bond from="10" to="39"/>
<Bond from="12" to="40"/>
<Bond from="12" to="41"/>
<Bond from="13" to="42"/>
<Bond from="13" to="43"/>
<Bond from="17" to="44"/>
<Bond from="17" to="45"/>
<Bond from="18" to="46"/>
<Bond from="18" to="47"/>
<Bond from="22" to="48"/>
<Bond from="22" to="49"/>
<Bond from="22" to="50"/>
<Bond from="23" to="51"/>
<Bond from="23" to="52"/>
<Bond from="28" to="53"/>
<Bond from="28" to="54"/>
</Residue>
</Residues>
<HarmonicBondForce>
<Bond class1="C801" class2="C800" length="0.151000" k="265265.600000"/>
<Bond class1="C802" class2="C801" length="0.144400" k="343088.000000"/>
<Bond class1="O803" class2="C802" length="0.132700" k="179075.200000"/>
<Bond class1="C804" class2="O803" length="0.141000" k="267776.000000"/>
<Bond class1="C805" class2="C804" length="0.152900" k="224262.400000"/>
<Bond class1="O806" class2="C805" length="0.141000" k="267776.000000"/>
<Bond class1="C807" class2="O806" length="0.132700" k="179075.200000"/>
<Bond class1="O808" class2="C807" length="0.132700" k="179075.200000"/>
<Bond class1="C809" class2="O808" length="0.141000" k="267776.000000"/>
<Bond class1="C810" class2="C809" length="0.152900" k="224262.400000"/>
<Bond class1="O811" class2="C810" length="0.141000" k="267776.000000"/>
<Bond class1="C812" class2="O811" length="0.141000" k="267776.000000"/>
<Bond class1="C813" class2="C812" length="0.152900" k="224262.400000"/>
<Bond class1="O814" class2="C813" length="0.141000" k="267776.000000"/>
<Bond class1="C815" class2="O814" length="0.132700" k="179075.200000"/>
<Bond class1="O816" class2="C815" length="0.132700" k="179075.200000"/>
<Bond class1="C817" class2="O816" length="0.141000" k="267776.000000"/>
<Bond class1="C818" class2="C817" length="0.152900" k="224262.400000"/>
<Bond class1="O819" class2="C818" length="0.141000" k="267776.000000"/>
<Bond class1="C820" class2="O819" length="0.132700" k="179075.200000"/>
<Bond class1="C821" class2="C820" length="0.144400" k="343088.000000"/>
<Bond class1="C822" class2="C821" length="0.151000" k="265265.600000"/>
<Bond class1="C823" class2="C821" length="0.134000" k="459403.200000"/>
<Bond class1="O824" class2="C820" length="0.122900" k="476976.000000"/>
<Bond class1="O825" class2="C815" length="0.122900" k="476976.000000"/>
<Bond class1="O826" class2="C807" length="0.122900" k="476976.000000"/>
<Bond class1="O827" class2="C802" length="0.122900" k="476976.000000"/>
<Bond class1="C828" class2="C801" length="0.134000" k="459403.200000"/>
<Bond class1="H829" class2="C800" length="0.109000" k="284512.000000"/>
<Bond class1="H830" class2="C800" length="0.109000" k="284512.000000"/>
<Bond class1="H831" class2="C800" length="0.109000" k="284512.000000"/>
<Bond class1="H832" class2="C804" length="0.109000" k="284512.000000"/>
<Bond class1="H833" class2="C804" length="0.109000" k="284512.000000"/>
<Bond class1="H834" class2="C805" length="0.109000" k="284512.000000"/>
<Bond class1="H835" class2="C805" length="0.109000" k="284512.000000"/>
<Bond class1="H836" class2="C809" length="0.109000" k="284512.000000"/>
<Bond class1="H837" class2="C809" length="0.109000" k="284512.000000"/>
<Bond class1="H838" class2="C810" length="0.109000" k="284512.000000"/>
<Bond class1="H839" class2="C810" length="0.109000" k="284512.000000"/>
<Bond class1="H840" class2="C812" length="0.109000" k="284512.000000"/>
<Bond class1="H841" class2="C812" length="0.109000" k="284512.000000"/>
<Bond class1="H842" class2="C813" length="0.109000" k="284512.000000"/>
<Bond class1="H843" class2="C813" length="0.109000" k="284512.000000"/>
<Bond class1="H844" class2="C817" length="0.109000" k="284512.000000"/>
<Bond class1="H845" class2="C817" length="0.109000" k="284512.000000"/>
<Bond class1="H846" class2="C818" length="0.109000" k="284512.000000"/>
<Bond class1="H847" class2="C818" length="0.109000" k="284512.000000"/>
<Bond class1="H848" class2="C822" length="0.109000" k="284512.000000"/>
<Bond class1="H849" class2="C822" length="0.109000" k="284512.000000"/>
<Bond class1="H850" class2="C822" length="0.109000" k="284512.000000"/>
<Bond class1="H851" class2="C823" length="0.108000" k="284512.000000"/>
<Bond class1="H852" class2="C823" length="0.108000" k="284512.000000"/>
<Bond class1="H853" class2="C828" length="0.108000" k="284512.000000"/>
<Bond class1="H854" class2="C828" length="0.108000" k="284512.000000"/>
</HarmonicBondForce>
<HarmonicAngleForce>
<Angle class1="C800" class2="C801" class3="C802" angle="2.089159" k="585.760000"/>
<Angle class1="C801" class2="C802" class3="O803" angle="1.944297" k="677.808000"/>
<Angle class1="C802" class2="O803" class3="C804" angle="2.040290" k="694.544000"/>
<Angle class1="O803" class2="C804" class3="C805" angle="1.911136" k="418.400000"/>
<Angle class1="C804" class2="C805" class3="O806" angle="1.911136" k="418.400000"/>
<Angle class1="C805" class2="O806" class3="C807" angle="2.040290" k="694.544000"/>
<Angle class1="O806" class2="C807" class3="O808" angle="2.062630" k="584.923200"/>
<Angle class1="C807" class2="O808" class3="C809" angle="2.040290" k="694.544000"/>
<Angle class1="O808" class2="C809" class3="C810" angle="1.911136" k="418.400000"/>
<Angle class1="C809" class2="C810" class3="O811" angle="1.911136" k="418.400000"/>
<Angle class1="C810" class2="O811" class3="C812" angle="1.911136" k="502.080000"/>
<Angle class1="O811" class2="C812" class3="C813" angle="1.911136" k="418.400000"/>
<Angle class1="C812" class2="C813" class3="O814" angle="1.911136" k="418.400000"/>
<Angle class1="C813" class2="O814" class3="C815" angle="2.040290" k="694.544000"/>
<Angle class1="O814" class2="C815" class3="O816" angle="2.062630" k="584.923200"/>
<Angle class1="C815" class2="O816" class3="C817" angle="2.040290" k="694.544000"/>
<Angle class1="O816" class2="C817" class3="C818" angle="1.911136" k="418.400000"/>
<Angle class1="C817" class2="C818" class3="O819" angle="1.911136" k="418.400000"/>
<Angle class1="C818" class2="O819" class3="C820" angle="2.040290" k="694.544000"/>
<Angle class1="O819" class2="C820" class3="C821" angle="1.944297" k="677.808000"/>
<Angle class1="C820" class2="C821" class3="C822" angle="2.089159" k="585.760000"/>
<Angle class1="C820" class2="C821" class3="C823" angle="2.106612" k="711.280000"/>
<Angle class1="O819" class2="C820" class3="O824" angle="2.153736" k="694.544000"/>
<Angle class1="O814" class2="C815" class3="O825" angle="2.153736" k="694.544000"/>
<Angle class1="O806" class2="C807" class3="O826" angle="2.153736" k="694.544000"/>
<Angle class1="C801" class2="C802" class3="O827" angle="2.186898" k="669.440000"/>
<Angle class1="C800" class2="C801" class3="C828" angle="2.164208" k="585.760000"/>
<Angle class1="C801" class2="C800" class3="H829" angle="1.911136" k="292.880000"/>
<Angle class1="C801" class2="C800" class3="H830" angle="1.911136" k="292.880000"/>
<Angle class1="C801" class2="C800" class3="H831" angle="1.911136" k="292.880000"/>
<Angle class1="O803" class2="C804" class3="H832" angle="1.911136" k="292.880000"/>
<Angle class1="O803" class2="C804" class3="H833" angle="1.911136" k="292.880000"/>
<Angle class1="C804" class2="C805" class3="H834" angle="1.932079" k="313.800000"/>
<Angle class1="C804" class2="C805" class3="H835" angle="1.932079" k="313.800000"/>
<Angle class1="O808" class2="C809" class3="H836" angle="1.911136" k="292.880000"/>
<Angle class1="O808" class2="C809" class3="H837" angle="1.911136" k="292.880000"/>
<Angle class1="C809" class2="C810" class3="H838" angle="1.932079" k="313.800000"/>
<Angle class1="C809" class2="C810" class3="H839" angle="1.932079" k="313.800000"/>
<Angle class1="O811" class2="C812" class3="H840" angle="1.911136" k="292.880000"/>
<Angle class1="O811" class2="C812" class3="H841" angle="1.911136" k="292.880000"/>
<Angle class1="C812" class2="C813" class3="H842" angle="1.932079" k="313.800000"/>
<Angle class1="C812" class2="C813" class3="H843" angle="1.932079" k="313.800000"/>
<Angle class1="O816" class2="C817" class3="H844" angle="1.911136" k="292.880000"/>
<Angle class1="O816" class2="C817" class3="H845" angle="1.911136" k="292.880000"/>
<Angle class1="C817" class2="C818" class3="H846" angle="1.932079" k="313.800000"/>
<Angle class1="C817" class2="C818" class3="H847" angle="1.932079" k="313.800000"/>
<Angle class1="C821" class2="C822" class3="H848" angle="1.911136" k="292.880000"/>
<Angle class1="C821" class2="C822" class3="H849" angle="1.911136" k="292.880000"/>
<Angle class1="C821" class2="C822" class3="H850" angle="1.911136" k="292.880000"/>
<Angle class1="C821" class2="C823" class3="H851" angle="2.094395" k="292.880000"/>
<Angle class1="C821" class2="C823" class3="H852" angle="2.094395" k="292.880000"/>
<Angle class1="C801" class2="C828" class3="H853" angle="2.094395" k="292.880000"/>
<Angle class1="C801" class2="C828" class3="H854" angle="2.094395" k="292.880000"/>
<Angle class1="O806" class2="C805" class3="H835" angle="1.911136" k="292.880000"/>
<Angle class1="C810" class2="C809" class3="H837" angle="1.932079" k="313.800000"/>
<Angle class1="C805" class2="C804" class3="H833" angle="1.932079" k="313.800000"/>
<Angle class1="H829" class2="C800" class3="H831" angle="1.881465" k="276.144000"/>
<Angle class1="H842" class2="C813" class3="H843" angle="1.881465" k="276.144000"/>
<Angle class1="H853" class2="C828" class3="H854" angle="2.042035" k="292.880000"/>
<Angle class1="O816" class2="C815" class3="O825" angle="2.153736" k="694.544000"/>
<Angle class1="O808" class2="C807" class3="O826" angle="2.153736" k="694.544000"/>
<Angle class1="H848" class2="C822" class3="H850" angle="1.881465" k="276.144000"/>
<Angle class1="C822" class2="C821" class3="C823" angle="2.164208" k="585.760000"/>
<Angle class1="O806" class2="C805" class3="H834" angle="1.911136" k="292.880000"/>
<Angle class1="C805" class2="C804" class3="H832" angle="1.932079" k="313.800000"/>
<Angle class1="H830" class2="C800" class3="H831" angle="1.881465" k="276.144000"/>
<Angle class1="C818" class2="C817" class3="H844" angle="1.932079" k="313.800000"/>
<Angle class1="H848" class2="C822" class3="H849" angle="1.881465" k="276.144000"/>
<Angle class1="H844" class2="C817" class3="H845" angle="1.881465" k="276.144000"/>
<Angle class1="H838" class2="C810" class3="H839" angle="1.881465" k="276.144000"/>
<Angle class1="C813" class2="C812" class3="H840" angle="1.932079" k="313.800000"/>
<Angle class1="C813" class2="C812" class3="H841" angle="1.932079" k="313.800000"/>
<Angle class1="O811" class2="C810" class3="H838" angle="1.911136" k="292.880000"/>
<Angle class1="H840" class2="C812" class3="H841" angle="1.881465" k="276.144000"/>
<Angle class1="O819" class2="C818" class3="H847" angle="1.911136" k="292.880000"/>
<Angle class1="O803" class2="C802" class3="O827" angle="2.153736" k="694.544000"/>
<Angle class1="C802" class2="C801" class3="C828" angle="2.106612" k="711.280000"/>
<Angle class1="H846" class2="C818" class3="H847" angle="1.881465" k="276.144000"/>
<Angle class1="O819" class2="C818" class3="H846" angle="1.911136" k="292.880000"/>
<Angle class1="O814" class2="C813" class3="H843" angle="1.911136" k="292.880000"/>
<Angle class1="H851" class2="C823" class3="H852" angle="2.042035" k="292.880000"/>
<Angle class1="H836" class2="C809" class3="H837" angle="1.881465" k="276.144000"/>
<Angle class1="H832" class2="C804" class3="H833" angle="1.881465" k="276.144000"/>
<Angle class1="H829" class2="C800" class3="H830" angle="1.881465" k="276.144000"/>
<Angle class1="O814" class2="C813" class3="H842" angle="1.911136" k="292.880000"/>
<Angle class1="C821" class2="C820" class3="O824" angle="2.186898" k="669.440000"/>
<Angle class1="O811" class2="C810" class3="H839" angle="1.911136" k="292.880000"/>
<Angle class1="C810" class2="C809" class3="H836" angle="1.932079" k="313.800000"/>
<Angle class1="H849" class2="C822" class3="H850" angle="1.881465" k="276.144000"/>
<Angle class1="H834" class2="C805" class3="H835" angle="1.881465" k="276.144000"/>
<Angle class1="C818" class2="C817" class3="H845" angle="1.932079" k="313.800000"/>
</HarmonicAngleForce>
<PeriodicTorsionForce>
<Proper class1="C804" class2="O803" class3="C802" class4="C801" k1="9.767548" k2="10.719408" k3="0.000000" k4="0.000000" periodicity1="1" periodicity2="2" periodicity3="3" periodicity4="4" phase1="0.00" phase2="3.141592653589793" phase3="0.00" phase4="3.141592653589793"/>
<Proper class1="C805" class2="C804" class3="O803" class4="C802" k1="-2.552240" k2="-0.263592" k3="0.882824" k4="0.000000" periodicity1="1" periodicity2="2" periodicity3="3" periodicity4="4" phase1="0.00" phase2="3.141592653589793" phase3="0.00" phase4="3.141592653589793"/>
<Proper class1="C807" class2="O806" class3="C805" class4="C804" k1="-2.552240" k2="-0.263592" k3="0.882824" k4="0.000000" periodicity1="1" periodicity2="2" periodicity3="3" periodicity4="4" phase1="0.00" phase2="3.141592653589793" phase3="0.00" phase4="3.141592653589793"/>
<Proper class1="C809" class2="O808" class3="C807" class4="O806" k1="9.767548" k2="10.719408" k3="0.000000" k4="0.000000" periodicity1="1" periodicity2="2" periodicity3="3" periodicity4="4" phase1="0.00" phase2="3.141592653589793" phase3="0.00" phase4="3.141592653589793"/>
<Proper class1="C810" class2="C809" class3="O808" class4="C807" k1="-2.552240" k2="-0.263592" k3="0.882824" k4="0.000000" periodicity1="1" periodicity2="2" periodicity3="3" periodicity4="4" phase1="0.00" phase2="3.141592653589793" phase3="0.00" phase4="3.141592653589793"/>
<Proper class1="C812" class2="O811" class3="C810" class4="C809" k1="1.359800" k2="-0.523000" k3="1.401640" k4="0.000000" periodicity1="1" periodicity2="2" periodicity3="3" periodicity4="4" phase1="0.00" phase2="3.141592653589793" phase3="0.00" phase4="3.141592653589793"/>
<Proper class1="C813" class2="C812" class3="O811" class4="C810" k1="1.359800" k2="-0.523000" k3="1.401640" k4="0.000000" periodicity1="1" periodicity2="2" periodicity3="3" periodicity4="4" phase1="0.00" phase2="3.141592653589793" phase3="0.00" phase4="3.141592653589793"/>
<Proper class1="C815" class2="O814" class3="C813" class4="C812" k1="-2.552240" k2="-0.263592" k3="0.882824" k4="0.000000" periodicity1="1" periodicity2="2" periodicity3="3" periodicity4="4" phase1="0.00" phase2="3.141592653589793" phase3="0.00" phase4="3.141592653589793"/>
<Proper class1="C817" class2="O816" class3="C815" class4="O814" k1="9.767548" k2="10.719408" k3="0.000000" k4="0.000000" periodicity1="1" periodicity2="2" periodicity3="3" periodicity4="4" phase1="0.00" phase2="3.141592653589793" phase3="0.00" phase4="3.141592653589793"/>
<Proper class1="C818" class2="C817" class3="O816" class4="C815" k1="-2.552240" k2="-0.263592" k3="0.882824" k4="0.000000" periodicity1="1" periodicity2="2" periodicity3="3" periodicity4="4" phase1="0.00" phase2="3.141592653589793" phase3="0.00" phase4="3.141592653589793"/>
<Proper class1="C820" class2="O819" class3="C818" class4="C817" k1="-2.552240" k2="-0.263592" k3="0.882824" k4="0.000000" periodicity1="1" periodicity2="2" periodicity3="3" periodicity4="4" phase1="0.00" phase2="3.141592653589793" phase3="0.00" phase4="3.141592653589793"/>
<Proper class1="C821" class2="C820" class3="O819" class4="C818" k1="9.767548" k2="10.719408" k3="0.000000" k4="0.000000" periodicity1="1" periodicity2="2" periodicity3="3" periodicity4="4" phase1="0.00" phase2="3.141592653589793" phase3="0.00" phase4="3.141592653589793"/>
<Proper class1="C822" class2="C821" class3="C820" class4="O819" k1="1.882800" k2="0.481160" k3="-1.056460" k4="0.000000" periodicity1="1" periodicity2="2" periodicity3="3" periodicity4="4" phase1="0.00" phase2="3.141592653589793" phase3="0.00" phase4="3.141592653589793"/>
<Proper class1="C823" class2="C821" class3="C820" class4="O819" k1="6.694400" k2="-6.276000" k3="0.000000" k4="0.000000" periodicity1="1" periodicity2="2" periodicity3="3" periodicity4="4" phase1="0.00" phase2="3.141592653589793" phase3="0.00" phase4="3.141592653589793"/>
<Proper class1="C828" class2="C801" class3="C802" class4="O803" k1="6.694400" k2="-6.276000" k3="0.000000" k4="0.000000" periodicity1="1" periodicity2="2" periodicity3="3" periodicity4="4" phase1="0.00" phase2="3.141592653589793" phase3="0.00" phase4="3.141592653589793"/>
<Proper class1="C828" class2="C801" class3="C802" class4="O827" k1="5.230000" k2="12.552000" k3="0.000000" k4="0.000000" periodicity1="1" periodicity2="2" periodicity3="3" periodicity4="4" phase1="0.00" phase2="3.141592653589793" phase3="0.00" phase4="3.141592653589793"/>
<Proper class1="H829" class2="C800" class3="C801" class4="C802" k1="0.000000" k2="0.000000" k3="-0.778224" k4="0.000000" periodicity1="1" periodicity2="2" periodicity3="3" periodicity4="4" phase1="0.00" phase2="3.141592653589793" phase3="0.00" phase4="3.141592653589793"/>
<Proper class1="H829" class2="C800" class3="C801" class4="C828" k1="0.000000" k2="0.000000" k3="-0.778224" k4="0.000000" periodicity1="1" periodicity2="2" periodicity3="3" periodicity4="4" phase1="0.00" phase2="3.141592653589793" phase3="0.00" phase4="3.141592653589793"/>
<Proper class1="H830" class2="C800" class3="C801" class4="C802" k1="0.000000" k2="0.000000" k3="-0.778224" k4="0.000000" periodicity1="1" periodicity2="2" periodicity3="3" periodicity4="4" phase1="0.00" phase2="3.141592653589793" phase3="0.00" phase4="3.141592653589793"/>
<Proper class1="H830" class2="C800" class3="C801" class4="C828" k1="0.000000" k2="0.000000" k3="-0.778224" k4="0.000000" periodicity1="1" periodicity2="2" periodicity3="3" periodicity4="4" phase1="0.00" phase2="3.141592653589793" phase3="0.00" phase4="3.141592653589793"/>
<Proper class1="H831" class2="C800" class3="C801" class4="C802" k1="0.000000" k2="0.000000" k3="-0.778224" k4="0.000000" periodicity1="1" periodicity2="2" periodicity3="3" periodicity4="4" phase1="0.00" phase2="3.141592653589793" phase3="0.00" phase4="3.141592653589793"/>
<Proper class1="H831" class2="C800" class3="C801" class4="C828" k1="0.000000" k2="0.000000" k3="-0.778224" k4="0.000000" periodicity1="1" periodicity2="2" periodicity3="3" periodicity4="4" phase1="0.00" phase2="3.141592653589793" phase3="0.00" phase4="3.141592653589793"/>
<Proper class1="H832" class2="C804" class3="C805" class4="O806" k1="0.000000" k2="0.000000" k3="0.979056" k4="0.000000" periodicity1="1" periodicity2="2" periodicity3="3" periodicity4="4" phase1="0.00" phase2="3.141592653589793" phase3="0.00" phase4="3.141592653589793"/>
<Proper class1="H832" class2="C804" class3="O803" class4="C802" k1="0.000000" k2="0.000000" k3="0.414216" k4="0.000000" periodicity1="1" periodicity2="2" periodicity3="3" periodicity4="4" phase1="0.00" phase2="3.141592653589793" phase3="0.00" phase4="3.141592653589793"/>
<Proper class1="H833" class2="C804" class3="C805" class4="O806" k1="0.000000" k2="0.000000" k3="0.979056" k4="0.000000" periodicity1="1" periodicity2="2" periodicity3="3" periodicity4="4" phase1="0.00" phase2="3.141592653589793" phase3="0.00" phase4="3.141592653589793"/>
<Proper class1="H833" class2="C804" class3="O803" class4="C802" k1="0.000000" k2="0.000000" k3="0.414216" k4="0.000000" periodicity1="1" periodicity2="2" periodicity3="3" periodicity4="4" phase1="0.00" phase2="3.141592653589793" phase3="0.00" phase4="3.141592653589793"/>
<Proper class1="H834" class2="C805" class3="C804" class4="H832" k1="0.000000" k2="0.000000" k3="0.627600" k4="0.000000" periodicity1="1" periodicity2="2" periodicity3="3" periodicity4="4" phase1="0.00" phase2="3.141592653589793" phase3="0.00" phase4="3.141592653589793"/>
<Proper class1="H834" class2="C805" class3="C804" class4="H833" k1="0.000000" k2="0.000000" k3="0.627600" k4="0.000000" periodicity1="1" periodicity2="2" periodicity3="3" periodicity4="4" phase1="0.00" phase2="3.141592653589793" phase3="0.00" phase4="3.141592653589793"/>
<Proper class1="H834" class2="C805" class3="C804" class4="O803" k1="0.000000" k2="0.000000" k3="0.979056" k4="0.000000" periodicity1="1" periodicity2="2" periodicity3="3" periodicity4="4" phase1="0.00" phase2="3.141592653589793" phase3="0.00" phase4="3.141592653589793"/>
<Proper class1="H834" class2="C805" class3="O806" class4="C807" k1="0.000000" k2="0.000000" k3="0.414216" k4="0.000000" periodicity1="1" periodicity2="2" periodicity3="3" periodicity4="4" phase1="0.00" phase2="3.141592653589793" phase3="0.00" phase4="3.141592653589793"/>
<Proper class1="H835" class2="C805" class3="C804" class4="H832" k1="0.000000" k2="0.000000" k3="0.627600" k4="0.000000" periodicity1="1" periodicity2="2" periodicity3="3" periodicity4="4" phase1="0.00" phase2="3.141592653589793" phase3="0.00" phase4="3.141592653589793"/>
<Proper class1="H835" class2="C805" class3="C804" class4="H833" k1="0.000000" k2="0.000000" k3="0.627600" k4="0.000000" periodicity1="1" periodicity2="2" periodicity3="3" periodicity4="4" phase1="0.00" phase2="3.141592653589793" phase3="0.00" phase4="3.141592653589793"/>
<Proper class1="H835" class2="C805" class3="C804" class4="O803" k1="0.000000" k2="0.000000" k3="0.979056" k4="0.000000" periodicity1="1" periodicity2="2" periodicity3="3" periodicity4="4" phase1="0.00" phase2="3.141592653589793" phase3="0.00" phase4="3.141592653589793"/>
<Proper class1="H835" class2="C805" class3="O806" class4="C807" k1="0.000000" k2="0.000000" k3="0.414216" k4="0.000000" periodicity1="1" periodicity2="2" periodicity3="3" periodicity4="4" phase1="0.00" phase2="3.141592653589793" phase3="0.00" phase4="3.141592653589793"/>
<Proper class1="H836" class2="C809" class3="C810" class4="O811" k1="0.000000" k2="0.000000" k3="0.979056" k4="0.000000" periodicity1="1" periodicity2="2" periodicity3="3" periodicity4="4" phase1="0.00" phase2="3.141592653589793" phase3="0.00" phase4="3.141592653589793"/>
<Proper class1="H836" class2="C809" class3="O808" class4="C807" k1="0.000000" k2="0.000000" k3="0.414216" k4="0.000000" periodicity1="1" periodicity2="2" periodicity3="3" periodicity4="4" phase1="0.00" phase2="3.141592653589793" phase3="0.00" phase4="3.141592653589793"/>
<Proper class1="H837" class2="C809" class3="C810" class4="O811" k1="0.000000" k2="0.000000" k3="0.979056" k4="0.000000" periodicity1="1" periodicity2="2" periodicity3="3" periodicity4="4" phase1="0.00" phase2="3.141592653589793" phase3="0.00" phase4="3.141592653589793"/>
<Proper class1="H837" class2="C809" class3="O808" class4="C807" k1="0.000000" k2="0.000000" k3="0.414216" k4="0.000000" periodicity1="1" periodicity2="2" periodicity3="3" periodicity4="4" phase1="0.00" phase2="3.141592653589793" phase3="0.00" phase4="3.141592653589793"/>
<Proper class1="H838" class2="C810" class3="C809" class4="H836" k1="0.000000" k2="0.000000" k3="0.627600" k4="0.000000" periodicity1="1" periodicity2="2" periodicity3="3" periodicity4="4" phase1="0.00" phase2="3.141592653589793" phase3="0.00" phase4="3.141592653589793"/>
<Proper class1="H838" class2="C810" class3="C809" class4="H837" k1="0.000000" k2="0.000000" k3="0.627600" k4="0.000000" periodicity1="1" periodicity2="2" periodicity3="3" periodicity4="4" phase1="0.00" phase2="3.141592653589793" phase3="0.00" phase4="3.141592653589793"/>
<Proper class1="H838" class2="C810" class3="C809" class4="O808" k1="0.000000" k2="0.000000" k3="0.979056" k4="0.000000" periodicity1="1" periodicity2="2" periodicity3="3" periodicity4="4" phase1="0.00" phase2="3.141592653589793" phase3="0.00" phase4="3.141592653589793"/>
<Proper class1="H838" class2="C810" class3="O811" class4="C812" k1="0.000000" k2="0.000000" k3="1.589920" k4="0.000000" periodicity1="1" periodicity2="2" periodicity3="3" periodicity4="4" phase1="0.00" phase2="3.141592653589793" phase3="0.00" phase4="3.141592653589793"/>
<Proper class1="H839" class2="C810" class3="C809" class4="H836" k1="0.000000" k2="0.000000" k3="0.627600" k4="0.000000" periodicity1="1" periodicity2="2" periodicity3="3" periodicity4="4" phase1="0.00" phase2="3.141592653589793" phase3="0.00" phase4="3.141592653589793"/>
<Proper class1="H839" class2="C810" class3="C809" class4="H837" k1="0.000000" k2="0.000000" k3="0.627600" k4="0.000000" periodicity1="1" periodicity2="2" periodicity3="3" periodicity4="4" phase1="0.00" phase2="3.141592653589793" phase3="0.00" phase4="3.141592653589793"/>
<Proper class1="H839" class2="C810" class3="C809" class4="O808" k1="0.000000" k2="0.000000" k3="0.979056" k4="0.000000" periodicity1="1" periodicity2="2" periodicity3="3" periodicity4="4" phase1="0.00" phase2="3.141592653589793" phase3="0.00" phase4="3.141592653589793"/>
<Proper class1="H839" class2="C810" class3="O811" class4="C812" k1="0.000000" k2="0.000000" k3="1.589920" k4="0.000000" periodicity1="1" periodicity2="2" periodicity3="3" periodicity4="4" phase1="0.00" phase2="3.141592653589793" phase3="0.00" phase4="3.141592653589793"/>
<Proper class1="H840" class2="C812" class3="C813" class4="O814" k1="0.000000" k2="0.000000" k3="0.979056" k4="0.000000" periodicity1="1" periodicity2="2" periodicity3="3" periodicity4="4" phase1="0.00" phase2="3.141592653589793" phase3="0.00" phase4="3.141592653589793"/>
<Proper class1="H840" class2="C812" class3="O811" class4="C810" k1="0.000000" k2="0.000000" k3="1.589920" k4="0.000000" periodicity1="1" periodicity2="2" periodicity3="3" periodicity4="4" phase1="0.00" phase2="3.141592653589793" phase3="0.00" phase4="3.141592653589793"/>
<Proper class1="H841" class2="C812" class3="C813" class4="O814" k1="0.000000" k2="0.000000" k3="0.979056" k4="0.000000" periodicity1="1" periodicity2="2" periodicity3="3" periodicity4="4" phase1="0.00" phase2="3.141592653589793" phase3="0.00" phase4="3.141592653589793"/>
<Proper class1="H841" class2="C812" class3="O811" class4="C810" k1="0.000000" k2="0.000000" k3="1.589920" k4="0.000000" periodicity1="1" periodicity2="2" periodicity3="3" periodicity4="4" phase1="0.00" phase2="3.141592653589793" phase3="0.00" phase4="3.141592653589793"/>
<Proper class1="H842" class2="C813" class3="C812" class4="H840" k1="0.000000" k2="0.000000" k3="0.627600" k4="0.000000" periodicity1="1" periodicity2="2" periodicity3="3" periodicity4="4" phase1="0.00" phase2="3.141592653589793" phase3="0.00" phase4="3.141592653589793"/>
<Proper class1="H842" class2="C813" class3="C812" class4="H841" k1="0.000000" k2="0.000000" k3="0.627600" k4="0.000000" periodicity1="1" periodicity2="2" periodicity3="3" periodicity4="4" phase1="0.00" phase2="3.141592653589793" phase3="0.00" phase4="3.141592653589793"/>
<Proper class1="H842" class2="C813" class3="C812" class4="O811" k1="0.000000" k2="0.000000" k3="0.979056" k4="0.000000" periodicity1="1" periodicity2="2" periodicity3="3" periodicity4="4" phase1="0.00" phase2="3.141592653589793" phase3="0.00" phase4="3.141592653589793"/>
<Proper class1="H842" class2="C813" class3="O814" class4="C815" k1="0.000000" k2="0.000000" k3="0.414216" k4="0.000000" periodicity1="1" periodicity2="2" periodicity3="3" periodicity4="4" phase1="0.00" phase2="3.141592653589793" phase3="0.00" phase4="3.141592653589793"/>
<Proper class1="H843" class2="C813" class3="C812" class4="H840" k1="0.000000" k2="0.000000" k3="0.627600" k4="0.000000" periodicity1="1" periodicity2="2" periodicity3="3" periodicity4="4" phase1="0.00" phase2="3.141592653589793" phase3="0.00" phase4="3.141592653589793"/>
<Proper class1="H843" class2="C813" class3="C812" class4="H841" k1="0.000000" k2="0.000000" k3="0.627600" k4="0.000000" periodicity1="1" periodicity2="2" periodicity3="3" periodicity4="4" phase1="0.00" phase2="3.141592653589793" phase3="0.00" phase4="3.141592653589793"/>
<Proper class1="H843" class2="C813" class3="C812" class4="O811" k1="0.000000" k2="0.000000" k3="0.979056" k4="0.000000" periodicity1="1" periodicity2="2" periodicity3="3" periodicity4="4" phase1="0.00" phase2="3.141592653589793" phase3="0.00" phase4="3.141592653589793"/>
<Proper class1="H843" class2="C813" class3="O814" class4="C815" k1="0.000000" k2="0.000000" k3="0.414216" k4="0.000000" periodicity1="1" periodicity2="2" periodicity3="3" periodicity4="4" phase1="0.00" phase2="3.141592653589793" phase3="0.00" phase4="3.141592653589793"/>
<Proper class1="H844" class2="C817" class3="C818" class4="O819" k1="0.000000" k2="0.000000" k3="0.979056" k4="0.000000" periodicity1="1" periodicity2="2" periodicity3="3" periodicity4="4" phase1="0.00" phase2="3.141592653589793" phase3="0.00" phase4="3.141592653589793"/>
<Proper class1="H844" class2="C817" class3="O816" class4="C815" k1="0.000000" k2="0.000000" k3="0.414216" k4="0.000000" periodicity1="1" periodicity2="2" periodicity3="3" periodicity4="4" phase1="0.00" phase2="3.141592653589793" phase3="0.00" phase4="3.141592653589793"/>
<Proper class1="H845" class2="C817" class3="C818" class4="O819" k1="0.000000" k2="0.000000" k3="0.979056" k4="0.000000" periodicity1="1" periodicity2="2" periodicity3="3" periodicity4="4" phase1="0.00" phase2="3.141592653589793" phase3="0.00" phase4="3.141592653589793"/>
<Proper class1="H845" class2="C817" class3="O816" class4="C815" k1="0.000000" k2="0.000000" k3="0.414216" k4="0.000000" periodicity1="1" periodicity2="2" periodicity3="3" periodicity4="4" phase1="0.00" phase2="3.141592653589793" phase3="0.00" phase4="3.141592653589793"/>
<Proper class1="H846" class2="C818" class3="C817" class4="H844" k1="0.000000" k2="0.000000" k3="0.627600" k4="0.000000" periodicity1="1" periodicity2="2" periodicity3="3" periodicity4="4" phase1="0.00" phase2="3.141592653589793" phase3="0.00" phase4="3.141592653589793"/>
<Proper class1="H846" class2="C818" class3="C817" class4="H845" k1="0.000000" k2="0.000000" k3="0.627600" k4="0.000000" periodicity1="1" periodicity2="2" periodicity3="3" periodicity4="4" phase1="0.00" phase2="3.141592653589793" phase3="0.00" phase4="3.141592653589793"/>
<Proper class1="H846" class2="C818" class3="C817" class4="O816" k1="0.000000" k2="0.000000" k3="0.979056" k4="0.000000" periodicity1="1" periodicity2="2" periodicity3="3" periodicity4="4" phase1="0.00" phase2="3.141592653589793" phase3="0.00" phase4="3.141592653589793"/>
<Proper class1="H846" class2="C818" class3="O819" class4="C820" k1="0.000000" k2="0.000000" k3="0.414216" k4="0.000000" periodicity1="1" periodicity2="2" periodicity3="3" periodicity4="4" phase1="0.00" phase2="3.141592653589793" phase3="0.00" phase4="3.141592653589793"/>
<Proper class1="H847" class2="C818" class3="C817" class4="H844" k1="0.000000" k2="0.000000" k3="0.627600" k4="0.000000" periodicity1="1" periodicity2="2" periodicity3="3" periodicity4="4" phase1="0.00" phase2="3.141592653589793" phase3="0.00" phase4="3.141592653589793"/>
<Proper class1="H847" class2="C818" class3="C817" class4="H845" k1="0.000000" k2="0.000000" k3="0.627600" k4="0.000000" periodicity1="1" periodicity2="2" periodicity3="3" periodicity4="4" phase1="0.00" phase2="3.141592653589793" phase3="0.00" phase4="3.141592653589793"/>
<Proper class1="H847" class2="C818" class3="C817" class4="O816" k1="0.000000" k2="0.000000" k3="0.979056" k4="0.000000" periodicity1="1" periodicity2="2" periodicity3="3" periodicity4="4" phase1="0.00" phase2="3.141592653589793" phase3="0.00" phase4="3.141592653589793"/>
<Proper class1="H847" class2="C818" class3="O819" class4="C820" k1="0.000000" k2="0.000000" k3="0.414216" k4="0.000000" periodicity1="1" periodicity2="2" periodicity3="3" periodicity4="4" phase1="0.00" phase2="3.141592653589793" phase3="0.00" phase4="3.141592653589793"/>
<Proper class1="H848" class2="C822" class3="C821" class4="C820" k1="0.000000" k2="0.000000" k3="-0.778224" k4="0.000000" periodicity1="1" periodicity2="2" periodicity3="3" periodicity4="4" phase1="0.00" phase2="3.141592653589793" phase3="0.00" phase4="3.141592653589793"/>
<Proper class1="H848" class2="C822" class3="C821" class4="C823" k1="0.000000" k2="0.000000" k3="-0.778224" k4="0.000000" periodicity1="1" periodicity2="2" periodicity3="3" periodicity4="4" phase1="0.00" phase2="3.141592653589793" phase3="0.00" phase4="3.141592653589793"/>
<Proper class1="H849" class2="C822" class3="C821" class4="C820" k1="0.000000" k2="0.000000" k3="-0.778224" k4="0.000000" periodicity1="1" periodicity2="2" periodicity3="3" periodicity4="4" phase1="0.00" phase2="3.141592653589793" phase3="0.00" phase4="3.141592653589793"/>
<Proper class1="H849" class2="C822" class3="C821" class4="C823" k1="0.000000" k2="0.000000" k3="-0.778224" k4="0.000000" periodicity1="1" periodicity2="2" periodicity3="3" periodicity4="4" phase1="0.00" phase2="3.141592653589793" phase3="0.00" phase4="3.141592653589793"/>
<Proper class1="H850" class2="C822" class3="C821" class4="C820" k1="0.000000" k2="0.000000" k3="-0.778224" k4="0.000000" periodicity1="1" periodicity2="2" periodicity3="3" periodicity4="4" phase1="0.00" phase2="3.141592653589793" phase3="0.00" phase4="3.141592653589793"/>
<Proper class1="H850" class2="C822" class3="C821" class4="C823" k1="0.000000" k2="0.000000" k3="-0.778224" k4="0.000000" periodicity1="1" periodicity2="2" periodicity3="3" periodicity4="4" phase1="0.00" phase2="3.141592653589793" phase3="0.00" phase4="3.141592653589793"/>
<Proper class1="H851" class2="C823" class3="C821" class4="C820" k1="0.000000" k2="29.288000" k3="0.000000" k4="0.000000" periodicity1="1" periodicity2="2" periodicity3="3" periodicity4="4" phase1="0.00" phase2="3.141592653589793" phase3="0.00" phase4="3.141592653589793"/>
<Proper class1="H851" class2="C823" class3="C821" class4="C822" k1="0.000000" k2="29.288000" k3="0.000000" k4="0.000000" periodicity1="1" periodicity2="2" periodicity3="3" periodicity4="4" phase1="0.00" phase2="3.141592653589793" phase3="0.00" phase4="3.141592653589793"/>
<Proper class1="H852" class2="C823" class3="C821" class4="C820" k1="0.000000" k2="29.288000" k3="0.000000" k4="0.000000" periodicity1="1" periodicity2="2" periodicity3="3" periodicity4="4" phase1="0.00" phase2="3.141592653589793" phase3="0.00" phase4="3.141592653589793"/>
<Proper class1="H852" class2="C823" class3="C821" class4="C822" k1="0.000000" k2="29.288000" k3="0.000000" k4="0.000000" periodicity1="1" periodicity2="2" periodicity3="3" periodicity4="4" phase1="0.00" phase2="3.141592653589793" phase3="0.00" phase4="3.141592653589793"/>
<Proper class1="H853" class2="C828" class3="C801" class4="C800" k1="0.000000" k2="29.288000" k3="0.000000" k4="0.000000" periodicity1="1" periodicity2="2" periodicity3="3" periodicity4="4" phase1="0.00" phase2="3.141592653589793" phase3="0.00" phase4="3.141592653589793"/>
<Proper class1="H853" class2="C828" class3="C801" class4="C802" k1="0.000000" k2="29.288000" k3="0.000000" k4="0.000000" periodicity1="1" periodicity2="2" periodicity3="3" periodicity4="4" phase1="0.00" phase2="3.141592653589793" phase3="0.00" phase4="3.141592653589793"/>
<Proper class1="H854" class2="C828" class3="C801" class4="C800" k1="0.000000" k2="29.288000" k3="0.000000" k4="0.000000" periodicity1="1" periodicity2="2" periodicity3="3" periodicity4="4" phase1="0.00" phase2="3.141592653589793" phase3="0.00" phase4="3.141592653589793"/>
<Proper class1="H854" class2="C828" class3="C801" class4="C802" k1="0.000000" k2="29.288000" k3="0.000000" k4="0.000000" periodicity1="1" periodicity2="2" periodicity3="3" periodicity4="4" phase1="0.00" phase2="3.141592653589793" phase3="0.00" phase4="3.141592653589793"/>
<Proper class1="O803" class2="C802" class3="C801" class4="C800" k1="1.882800" k2="0.481160" k3="-1.056460" k4="0.000000" periodicity1="1" periodicity2="2" periodicity3="3" periodicity4="4" phase1="0.00" phase2="3.141592653589793" phase3="0.00" phase4="3.141592653589793"/>
<Proper class1="O806" class2="C805" class3="C804" class4="O803" k1="-1.150600" k2="0.000000" k3="0.000000" k4="0.000000" periodicity1="1" periodicity2="2" periodicity3="3" periodicity4="4" phase1="0.00" phase2="3.141592653589793" phase3="0.00" phase4="3.141592653589793"/>
<Proper class1="O808" class2="C807" class3="O806" class4="C805" k1="9.767548" k2="10.719408" k3="0.000000" k4="0.000000" periodicity1="1" periodicity2="2" periodicity3="3" periodicity4="4" phase1="0.00" phase2="3.141592653589793" phase3="0.00" phase4="3.141592653589793"/>
<Proper class1="O811" class2="C810" class3="C809" class4="O808" k1="-1.150600" k2="0.000000" k3="0.000000" k4="0.000000" periodicity1="1" periodicity2="2" periodicity3="3" periodicity4="4" phase1="0.00" phase2="3.141592653589793" phase3="0.00" phase4="3.141592653589793"/>
<Proper class1="O814" class2="C813" class3="C812" class4="O811" k1="-1.150600" k2="0.000000" k3="0.000000" k4="0.000000" periodicity1="1" periodicity2="2" periodicity3="3" periodicity4="4" phase1="0.00" phase2="3.141592653589793" phase3="0.00" phase4="3.141592653589793"/>
<Proper class1="O816" class2="C815" class3="O814" class4="C813" k1="9.767548" k2="10.719408" k3="0.000000" k4="0.000000" periodicity1="1" periodicity2="2" periodicity3="3" periodicity4="4" phase1="0.00" phase2="3.141592653589793" phase3="0.00" phase4="3.141592653589793"/>
<Proper class1="O819" class2="C818" class3="C817" class4="O816" k1="-1.150600" k2="0.000000" k3="0.000000" k4="0.000000" periodicity1="1" periodicity2="2" periodicity3="3" periodicity4="4" phase1="0.00" phase2="3.141592653589793" phase3="0.00" phase4="3.141592653589793"/>
<Proper class1="O824" class2="C820" class3="C821" class4="C822" k1="1.882800" k2="0.481160" k3="-1.056460" k4="0.000000" periodicity1="1" periodicity2="2" periodicity3="3" periodicity4="4" phase1="0.00" phase2="3.141592653589793" phase3="0.00" phase4="3.141592653589793"/>
<Proper class1="O824" class2="C820" class3="C821" class4="C823" k1="5.230000" k2="12.552000" k3="0.000000" k4="0.000000" periodicity1="1" periodicity2="2" periodicity3="3" periodicity4="4" phase1="0.00" phase2="3.141592653589793" phase3="0.00" phase4="3.141592653589793"/>
<Proper class1="O824" class2="C820" class3="O819" class4="C818" k1="0.000000" k2="10.719408" k3="0.000000" k4="0.000000" periodicity1="1" periodicity2="2" periodicity3="3" periodicity4="4" phase1="0.00" phase2="3.141592653589793" phase3="0.00" phase4="3.141592653589793"/>
<Proper class1="O825" class2="C815" class3="O814" class4="C813" k1="0.000000" k2="10.719408" k3="0.000000" k4="0.000000" periodicity1="1" periodicity2="2" periodicity3="3" periodicity4="4" phase1="0.00" phase2="3.141592653589793" phase3="0.00" phase4="3.141592653589793"/>
<Proper class1="O825" class2="C815" class3="O816" class4="C817" k1="0.000000" k2="10.719408" k3="0.000000" k4="0.000000" periodicity1="1" periodicity2="2" periodicity3="3" periodicity4="4" phase1="0.00" phase2="3.141592653589793" phase3="0.00" phase4="3.141592653589793"/>
<Proper class1="O826" class2="C807" class3="O806" class4="C805" k1="0.000000" k2="10.719408" k3="0.000000" k4="0.000000" periodicity1="1" periodicity2="2" periodicity3="3" periodicity4="4" phase1="0.00" phase2="3.141592653589793" phase3="0.00" phase4="3.141592653589793"/>
<Proper class1="O826" class2="C807" class3="O808" class4="C809" k1="0.000000" k2="10.719408" k3="0.000000" k4="0.000000" periodicity1="1" periodicity2="2" periodicity3="3" periodicity4="4" phase1="0.00" phase2="3.141592653589793" phase3="0.00" phase4="3.141592653589793"/>
<Proper class1="O827" class2="C802" class3="C801" class4="C800" k1="1.882800" k2="0.481160" k3="-1.056460" k4="0.000000" periodicity1="1" periodicity2="2" periodicity3="3" periodicity4="4" phase1="0.00" phase2="3.141592653589793" phase3="0.00" phase4="3.141592653589793"/>
<Proper class1="O827" class2="C802" class3="O803" class4="C804" k1="0.000000" k2="10.719408" k3="0.000000" k4="0.000000" periodicity1="1" periodicity2="2" periodicity3="3" periodicity4="4" phase1="0.00" phase2="3.141592653589793" phase3="0.00" phase4="3.141592653589793"/>
<Improper class1="C821" class2="C820" class3="C822" class4="C823" k1="0.000000" k2="10.460000" k3="0.000000" k4="0.000000" periodicity1="1" periodicity2="2" periodicity3="3" periodicity4="4" phase1="0.00" phase2="3.141592653589793" phase3="0.00" phase4="3.141592653589793"/>
<Improper class1="C801" class2="C800" class3="C802" class4="C828" k1="0.000000" k2="10.460000" k3="0.000000" k4="0.000000" periodicity1="1" periodicity2="2" periodicity3="3" periodicity4="4" phase1="0.00" phase2="3.141592653589793" phase3="0.00" phase4="3.141592653589793"/>
<Improper class1="C800" class2="C801" class3="H829" class4="H830" k1="0.000000" k2="0.000000" k3="0.000000" k4="0.000000" periodicity1="1" periodicity2="2" periodicity3="3" periodicity4="4" phase1="0.00" phase2="3.141592653589793" phase3="0.00" phase4="3.141592653589793"/>
<Improper class1="C800" class2="C801" class3="H829" class4="H831" k1="0.000000" k2="0.000000" k3="0.000000" k4="0.000000" periodicity1="1" periodicity2="2" periodicity3="3" periodicity4="4" phase1="0.00" phase2="3.141592653589793" phase3="0.00" phase4="3.141592653589793"/>
<Improper class1="C804" class2="H832" class3="O803" class4="C805" k1="0.000000" k2="0.000000" k3="0.000000" k4="0.000000" periodicity1="1" periodicity2="2" periodicity3="3" periodicity4="4" phase1="0.00" phase2="3.141592653589793" phase3="0.00" phase4="3.141592653589793"/>
<Improper class1="C804" class2="H833" class3="O803" class4="C805" k1="0.000000" k2="0.000000" k3="0.000000" k4="0.000000" periodicity1="1" periodicity2="2" periodicity3="3" periodicity4="4" phase1="0.00" phase2="3.141592653589793" phase3="0.00" phase4="3.141592653589793"/>
<Improper class1="C805" class2="H834" class3="C804" class4="O806" k1="0.000000" k2="0.000000" k3="0.000000" k4="0.000000" periodicity1="1" periodicity2="2" periodicity3="3" periodicity4="4" phase1="0.00" phase2="3.141592653589793" phase3="0.00" phase4="3.141592653589793"/>
<Improper class1="C805" class2="H835" class3="C804" class4="O806" k1="0.000000" k2="0.000000" k3="0.000000" k4="0.000000" periodicity1="1" periodicity2="2" periodicity3="3" periodicity4="4" phase1="0.00" phase2="3.141592653589793" phase3="0.00" phase4="3.141592653589793"/>
<Improper class1="C809" class2="O808" class3="C810" class4="H836" k1="0.000000" k2="0.000000" k3="0.000000" k4="0.000000" periodicity1="1" periodicity2="2" periodicity3="3" periodicity4="4" phase1="0.00" phase2="3.141592653589793" phase3="0.00" phase4="3.141592653589793"/>
<Improper class1="C809" class2="O808" class3="C810" class4="H837" k1="0.000000" k2="0.000000" k3="0.000000" k4="0.000000" periodicity1="1" periodicity2="2" periodicity3="3" periodicity4="4" phase1="0.00" phase2="3.141592653589793" phase3="0.00" phase4="3.141592653589793"/>
<Improper class1="C810" class2="C809" class3="O811" class4="H838" k1="0.000000" k2="0.000000" k3="0.000000" k4="0.000000" periodicity1="1" periodicity2="2" periodicity3="3" periodicity4="4" phase1="0.00" phase2="3.141592653589793" phase3="0.00" phase4="3.141592653589793"/>
<Improper class1="C810" class2="C809" class3="O811" class4="H839" k1="0.000000" k2="0.000000" k3="0.000000" k4="0.000000" periodicity1="1" periodicity2="2" periodicity3="3" periodicity4="4" phase1="0.00" phase2="3.141592653589793" phase3="0.00" phase4="3.141592653589793"/>
<Improper class1="C812" class2="H840" class3="O811" class4="C813" k1="0.000000" k2="0.000000" k3="0.000000" k4="0.000000" periodicity1="1" periodicity2="2" periodicity3="3" periodicity4="4" phase1="0.00" phase2="3.141592653589793" phase3="0.00" phase4="3.141592653589793"/>
<Improper class1="C812" class2="H841" class3="O811" class4="C813" k1="0.000000" k2="0.000000" k3="0.000000" k4="0.000000" periodicity1="1" periodicity2="2" periodicity3="3" periodicity4="4" phase1="0.00" phase2="3.141592653589793" phase3="0.00" phase4="3.141592653589793"/>
<Improper class1="C813" class2="H842" class3="C812" class4="O814" k1="0.000000" k2="0.000000" k3="0.000000" k4="0.000000" periodicity1="1" periodicity2="2" periodicity3="3" periodicity4="4" phase1="0.00" phase2="3.141592653589793" phase3="0.00" phase4="3.141592653589793"/>
<Improper class1="C813" class2="H843" class3="C812" class4="O814" k1="0.000000" k2="0.000000" k3="0.000000" k4="0.000000" periodicity1="1" periodicity2="2" periodicity3="3" periodicity4="4" phase1="0.00" phase2="3.141592653589793" phase3="0.00" phase4="3.141592653589793"/>
<Improper class1="C817" class2="O816" class3="C818" class4="H844" k1="0.000000" k2="0.000000" k3="0.000000" k4="0.000000" periodicity1="1" periodicity2="2" periodicity3="3" periodicity4="4" phase1="0.00" phase2="3.141592653589793" phase3="0.00" phase4="3.141592653589793"/>
<Improper class1="C817" class2="O816" class3="C818" class4="H845" k1="0.000000" k2="0.000000" k3="0.000000" k4="0.000000" periodicity1="1" periodicity2="2" periodicity3="3" periodicity4="4" phase1="0.00" phase2="3.141592653589793" phase3="0.00" phase4="3.141592653589793"/>
<Improper class1="C818" class2="C817" class3="O819" class4="H846" k1="0.000000" k2="0.000000" k3="0.000000" k4="0.000000" periodicity1="1" periodicity2="2" periodicity3="3" periodicity4="4" phase1="0.00" phase2="3.141592653589793" phase3="0.00" phase4="3.141592653589793"/>
<Improper class1="C818" class2="C817" class3="O819" class4="H847" k1="0.000000" k2="0.000000" k3="0.000000" k4="0.000000" periodicity1="1" periodicity2="2" periodicity3="3" periodicity4="4" phase1="0.00" phase2="3.141592653589793" phase3="0.00" phase4="3.141592653589793"/>
<Improper class1="C822" class2="H848" class3="H849" class4="C821" k1="0.000000" k2="0.000000" k3="0.000000" k4="0.000000" periodicity1="1" periodicity2="2" periodicity3="3" periodicity4="4" phase1="0.00" phase2="3.141592653589793" phase3="0.00" phase4="3.141592653589793"/>
<Improper class1="C822" class2="H848" class3="H850" class4="C821" k1="0.000000" k2="0.000000" k3="0.000000" k4="0.000000" periodicity1="1" periodicity2="2" periodicity3="3" periodicity4="4" phase1="0.00" phase2="3.141592653589793" phase3="0.00" phase4="3.141592653589793"/>
<Improper class1="C823" class2="H851" class3="H852" class4="C821" k1="0.000000" k2="10.460000" k3="0.000000" k4="0.000000" periodicity1="1" periodicity2="2" periodicity3="3" periodicity4="4" phase1="0.00" phase2="3.141592653589793" phase3="0.00" phase4="3.141592653589793"/>
<Improper class1="C828" class2="C801" class3="H853" class4="H854" k1="0.000000" k2="10.460000" k3="0.000000" k4="0.000000" periodicity1="1" periodicity2="2" periodicity3="3" periodicity4="4" phase1="0.00" phase2="3.141592653589793" phase3="0.00" phase4="3.141592653589793"/>
<Improper class1="C820" class2="O824" class3="O819" class4="C821" k1="0.000000" k2="43.932000" k3="0.000000" k4="0.000000" periodicity1="1" periodicity2="2" periodicity3="3" periodicity4="4" phase1="0.00" phase2="3.141592653589793" phase3="0.00" phase4="3.141592653589793"/>
<Improper class1="C815" class2="O816" class3="O825" class4="O814" k1="0.000000" k2="43.932000" k3="0.000000" k4="0.000000" periodicity1="1" periodicity2="2" periodicity3="3" periodicity4="4" phase1="0.00" phase2="3.141592653589793" phase3="0.00" phase4="3.141592653589793"/>
<Improper class1="C807" class2="O808" class3="O826" class4="O806" k1="0.000000" k2="43.932000" k3="0.000000" k4="0.000000" periodicity1="1" periodicity2="2" periodicity3="3" periodicity4="4" phase1="0.00" phase2="3.141592653589793" phase3="0.00" phase4="3.141592653589793"/>
<Improper class1="C802" class2="O803" class3="C801" class4="O827" k1="0.000000" k2="43.932000" k3="0.000000" k4="0.000000" periodicity1="1" periodicity2="2" periodicity3="3" periodicity4="4" phase1="0.00" phase2="3.141592653589793" phase3="0.00" phase4="3.141592653589793"/>
</PeriodicTorsionForce>
<NonbondedForce coulomb14scale="0.5" lj14scale="0.5">
<Atom type="opls_822" charge="-0.204700" sigma="0.350000" epsilon="0.276144" />
<Atom type="opls_852" charge="0.145900" sigma="0.250000" epsilon="0.125520" />
<Atom type="opls_819" charge="-0.343200" sigma="0.290000" epsilon="0.585760" />
<Atom type="opls_846" charge="0.131300" sigma="0.250000" epsilon="0.125520" />
<Atom type="opls_839" charge="0.094800" sigma="0.250000" epsilon="0.125520" />
<Atom type="opls_809" charge="0.016200" sigma="0.350000" epsilon="0.276144" />
<Atom type="opls_831" charge="0.104400" sigma="0.250000" epsilon="0.125520" />
<Atom type="opls_800" charge="-0.204500" sigma="0.350000" epsilon="0.276144" />
<Atom type="opls_853" charge="0.145700" sigma="0.250000" epsilon="0.125520" />
<Atom type="opls_820" charge="0.476300" sigma="0.355000" epsilon="0.292880" />
<Atom type="opls_815" charge="0.577600" sigma="0.355000" epsilon="0.292880" />
<Atom type="opls_848" charge="0.104200" sigma="0.250000" epsilon="0.125520" />
<Atom type="opls_834" charge="0.133300" sigma="0.250000" epsilon="0.125520" />
<Atom type="opls_826" charge="-0.482300" sigma="0.296000" epsilon="0.878640" />
<Atom type="opls_829" charge="0.104400" sigma="0.250000" epsilon="0.125520" />
<Atom type="opls_851" charge="0.145900" sigma="0.250000" epsilon="0.125520" />
<Atom type="opls_837" charge="0.131200" sigma="0.250000" epsilon="0.125520" />
<Atom type="opls_835" charge="0.133300" sigma="0.250000" epsilon="0.125520" />
<Atom type="opls_811" charge="-0.385900" sigma="0.290000" epsilon="0.585760" />
<Atom type="opls_802" charge="0.476700" sigma="0.355000" epsilon="0.292880" />
<Atom type="opls_828" charge="-0.161800" sigma="0.355000" epsilon="0.317984" />
<Atom type="opls_847" charge="0.131300" sigma="0.250000" epsilon="0.125520" />
<Atom type="opls_825" charge="-0.495900" sigma="0.296000" epsilon="0.878640" />
<Atom type="opls_814" charge="-0.314400" sigma="0.290000" epsilon="0.585760" />
<Atom type="opls_850" charge="0.104200" sigma="0.250000" epsilon="0.125520" />
<Atom type="opls_808" charge="-0.320800" sigma="0.290000" epsilon="0.585760" />
<Atom type="opls_844" charge="0.136600" sigma="0.250000" epsilon="0.125520" />
<Atom type="opls_842" charge="0.134200" sigma="0.250000" epsilon="0.125520" />
<Atom type="opls_806" charge="-0.320400" sigma="0.290000" epsilon="0.585760" />
<Atom type="opls_830" charge="0.104400" sigma="0.250000" epsilon="0.125520" />
<Atom type="opls_805" charge="-0.002000" sigma="0.350000" epsilon="0.276144" />
<Atom type="opls_854" charge="0.145700" sigma="0.250000" epsilon="0.125520" />
<Atom type="opls_821" charge="-0.160400" sigma="0.355000" epsilon="0.317984" />
<Atom type="opls_836" charge="0.131200" sigma="0.250000" epsilon="0.125520" />
<Atom type="opls_813" charge="0.014300" sigma="0.350000" epsilon="0.276144" />
<Atom type="opls_843" charge="0.134200" sigma="0.250000" epsilon="0.125520" />
<Atom type="opls_804" charge="-0.019700" sigma="0.350000" epsilon="0.276144" />
<Atom type="opls_801" charge="-0.159900" sigma="0.355000" epsilon="0.317984" />
<Atom type="opls_816" charge="-0.314800" sigma="0.290000" epsilon="0.585760" />
<Atom type="opls_812" charge="-0.003100" sigma="0.350000" epsilon="0.276144" />
<Atom type="opls_832" charge="0.132000" sigma="0.250000" epsilon="0.125520" />
<Atom type="opls_803" charge="-0.347500" sigma="0.290000" epsilon="0.585760" />
<Atom type="opls_841" charge="0.097900" sigma="0.250000" epsilon="0.125520" />
<Atom type="opls_840" charge="0.097900" sigma="0.250000" epsilon="0.125520" />
<Atom type="opls_849" charge="0.104200" sigma="0.250000" epsilon="0.125520" />
<Atom type="opls_810" charge="-0.008000" sigma="0.350000" epsilon="0.276144" />
<Atom type="opls_807" charge="0.577400" sigma="0.355000" epsilon="0.292880" />
<Atom type="opls_818" charge="-0.025900" sigma="0.350000" epsilon="0.276144" />
<Atom type="opls_833" charge="0.132000" sigma="0.250000" epsilon="0.125520" />
<Atom type="opls_845" charge="0.136600" sigma="0.250000" epsilon="0.125520" />
<Atom type="opls_838" charge="0.094800" sigma="0.250000" epsilon="0.125520" />
<Atom type="opls_824" charge="-0.446100" sigma="0.296000" epsilon="0.878640" />
<Atom type="opls_817" charge="-0.004400" sigma="0.350000" epsilon="0.276144" />
<Atom type="opls_827" charge="-0.442800" sigma="0.296000" epsilon="0.878640" />
<Atom type="opls_823" charge="-0.161500" sigma="0.355000" epsilon="0.317984" />
</NonbondedForce>
</ForceField>
