,Time,BUT,OCM
0,1e-12,1.16169295280793e-17,1.0381256235300653e-17
1,2e-12,1.304708002083704e-17,1.2835803442934928e-17
2,3e-12,1.270313824256742e-17,1.3073055330659908e-17
3,4e-12,1.76489815310396e-17,1.5208841012010985e-17
4,5.0000000000000005e-12,2.0940804318960506e-17,1.6147299846934302e-17
5,6e-12,2.3793529984278353e-17,1.993819369189768e-17
6,7.000000000000001e-12,2.4323907612358977e-17,2.080548424869289e-17
7,8e-12,2.3544386853416715e-17,2.4095201093698167e-17
8,9.000000000000001e-12,2.814340146174232e-17,2.4298831613594653e-17
9,1.0000000000000001e-11,3.600320199171782e-17,2.589980145072829e-17
10,1.1e-11,4.1022092737895506e-17,2.97883935413961e-17
11,1.2e-11,3.302949684843751e-17,2.6383283578281886e-17
12,1.3e-11,3.972652206019028e-17,2.9820257513399696e-17
13,1.4000000000000002e-11,4.0209147082813e-17,2.867840982875926e-17
14,1.5e-11,4.0078841640787877e-17,2.886743636558897e-17
15,1.6e-11,4.419764086408349e-17,2.957709984645229e-17
16,1.7000000000000003e-11,4.8647673159239964e-17,2.7010790455861362e-17
17,1.8000000000000002e-11,5.0621315491706925e-17,3.012571392788433e-17
18,1.9000000000000002e-11,4.5661041487077184e-17,2.994073045905432e-17
19,2.0000000000000002e-11,6.208421845090457e-17,3.217142550052819e-17
20,2.1000000000000002e-11,5.776174171786757e-17,3.6719665440171616e-17
21,2.2e-11,5.953486367720781e-17,3.931809688142616e-17
22,2.3e-11,5.692928931458051e-17,3.781543458714364e-17
23,2.4e-11,6.783041111626387e-17,4.0835965003868057e-17
24,2.5e-11,6.831243225222738e-17,3.6260116277261936e-17
25,2.6e-11,6.511302967406413e-17,4.051137951684592e-17
26,2.7000000000000004e-11,6.64947102910859e-17,3.91308471287381e-17
27,2.8000000000000003e-11,6.526766504592316e-17,4.0994392122577745e-17
28,2.9000000000000003e-11,6.706813115605453e-17,4.1971607322272764e-17
29,3e-11,6.57718047805199e-17,4.183482036438472e-17
30,3.1e-11,6.101911260823399e-17,4.1539948515794774e-17
31,3.2e-11,6.639909735970834e-17,4.437155974424094e-17
32,3.3e-11,6.562961880174443e-17,4.260804422231325e-17
33,3.4000000000000005e-11,6.394082395363995e-17,4.19657888981317e-17
34,3.5e-11,8.116122824655806e-17,4.859324136452289e-17
35,3.6000000000000005e-11,6.711255796318956e-17,4.5590157205598134e-17
36,3.7e-11,9.470870743969174e-17,5.0906759739342406e-17
37,3.8000000000000004e-11,7.471045017599626e-17,4.8929514391127844e-17
38,3.9e-11,1.0145379530968296e-16,5.200170689206319e-17
39,4.0000000000000004e-11,1.1385662876935298e-16,5.640864151358598e-17
40,4.1e-11,1.2495541105841285e-16,6.005577104651937e-17
41,4.2000000000000004e-11,1.2964778149565338e-16,5.954806497812588e-17
42,4.3e-11,1.2515982407889857e-16,6.143250970457352e-17
43,4.4e-11,1.371989470576046e-16,6.164604749501664e-17
44,4.5000000000000006e-11,1.4519533443038065e-16,6.656462855376498e-17
45,4.6e-11,1.481902582771031e-16,7.052589212198478e-17
46,4.7000000000000006e-11,1.4163428202953594e-16,7.004271906774058e-17
47,4.8e-11,1.4410558897157394e-16,7.217538616516631e-17
48,4.9000000000000005e-11,1.65402461252976e-16,7.5886851337523e-17
49,5e-11,1.652110061674599e-16,7.405234240207833e-17
50,5.1000000000000005e-11,1.5595283565233174e-16,7.67981618336832e-17
51,5.2e-11,1.6777480743706254e-16,7.997214471700816e-17
52,5.3000000000000004e-11,1.6011172319112066e-16,7.816486135195043e-17
53,5.400000000000001e-11,1.4818249832300795e-16,8.00576575629987e-17
54,5.5000000000000004e-11,1.5487955080269974e-16,7.800108712847596e-17
55,5.600000000000001e-11,1.5822929995067412e-16,7.58942980337588e-17
56,5.7000000000000003e-11,1.5465953286507065e-16,7.961211652740838e-17
57,5.8000000000000007e-11,1.655456582048386e-16,7.92395660248256e-17
58,5.9e-11,1.660508278872588e-16,8.082984559038326e-17
59,6e-11,1.6789682424141383e-16,7.858649155416016e-17
60,6.100000000000001e-11,1.7053897541120274e-16,8.17186382069904e-17
61,6.2e-11,1.6690533196161055e-16,8.357053223942566e-17
62,6.3e-11,1.7595715000427023e-16,8.322365419899763e-17
63,6.4e-11,1.7172552591534136e-16,8.360277423138267e-17
64,6.500000000000001e-11,1.5987101533567847e-16,8.399640807133478e-17
65,6.6e-11,1.6222038319799947e-16,8.199730454144923e-17
66,6.7e-11,1.7223243423261058e-16,8.248984478475143e-17
67,6.800000000000001e-11,1.6213272165077887e-16,8.5043759828724e-17
68,6.900000000000001e-11,1.6366130101536153e-16,8.552942254367595e-17
69,7e-11,1.7401063018644883e-16,8.363172766929139e-17
70,7.1e-11,1.6577417118489806e-16,8.495634437502333e-17
71,7.200000000000001e-11,1.744923483830561e-16,8.836636152154638e-17
72,7.3e-11,1.634620750163993e-16,8.206940951767797e-17
73,7.4e-11,1.7570805223958893e-16,8.828942970872796e-17
74,7.5e-11,1.636868078350239e-16,8.635733162945599e-17
75,7.600000000000001e-11,1.5950445131801176e-16,8.697316463634113e-17
76,7.7e-11,1.618868173435875e-16,8.536242555844054e-17
77,7.8e-11,1.5747601660614787e-16,8.101334384580765e-17
78,7.900000000000001e-11,1.7046301007347218e-16,8.603417626589577e-17
79,8.000000000000001e-11,1.6017828688049285e-16,8.609003872559161e-17
80,8.1e-11,1.6726476509801975e-16,8.523926453234771e-17
81,8.2e-11,1.640338098977142e-16,9.018150260878756e-17
82,8.300000000000001e-11,1.5293440057130068e-16,8.388602805354867e-17
83,8.400000000000001e-11,1.5276225122514576e-16,8.328212447485644e-17
84,8.5e-11,1.616643629570751e-16,8.926536787067381e-17
85,8.6e-11,1.6002191446875034e-16,8.421434906154996e-17
86,8.700000000000001e-11,1.592566823769346e-16,8.213933706545056e-17
87,8.8e-11,1.6206027696476055e-16,8.598124045534672e-17
88,8.9e-11,1.6169021993461623e-16,8.815142386696877e-17
89,9.000000000000001e-11,1.621321818496167e-16,8.663323572506083e-17
90,9.100000000000001e-11,1.5371605305984798e-16,8.694612956789727e-17
91,9.2e-11,1.4972609386881585e-16,8.576691008068557e-17
92,9.3e-11,1.6064632685456434e-16,9.088166268543103e-17
93,9.400000000000001e-11,1.5118433713701424e-16,8.420942747423251e-17
94,9.500000000000001e-11,1.5523089902852957e-16,8.332622663403082e-17
95,9.6e-11,1.5018977147063401e-16,8.6926686785702e-17
96,9.7e-11,1.607807851773394e-16,8.601589004136161e-17
97,9.800000000000001e-11,1.5923475958712613e-16,8.832431443833452e-17
98,9.900000000000001e-11,1.5308583422731005e-16,8.829889574957835e-17
99,1e-10,1.4969497315249465e-16,8.64696027809343e-17
100,1.0100000000000001e-10,1.532313361934848e-16,8.239614944272358e-17
101,1.0200000000000001e-10,1.715792762181139e-16,8.703584038085123e-17
102,1.03e-10,1.6670894078567097e-16,8.644756888471117e-17
103,1.04e-10,1.7684756555296667e-16,8.667396148293367e-17
104,1.0500000000000001e-10,1.7667634214027473e-16,8.810523782911385e-17
105,1.0600000000000001e-10,1.7749736713111023e-16,8.935101222815258e-17
106,1.07e-10,1.73508217274424e-16,9.024155710084611e-17
107,1.0800000000000001e-10,1.8484970271958682e-16,9.58839935615822e-17
108,1.0900000000000001e-10,1.9857670907351293e-16,9.113274862466386e-17
109,1.1000000000000001e-10,1.8991809166856953e-16,9.281715930124586e-17
110,1.11e-10,1.9121136597513385e-16,9.19211439796865e-17
111,1.1200000000000001e-10,1.9400697178192519e-16,8.826505967350281e-17
112,1.1300000000000001e-10,1.827388805497935e-16,9.183084878981656e-17
113,1.1400000000000001e-10,1.9726756208420376e-16,9.596032009674654e-17
114,1.15e-10,1.8985523452271631e-16,9.552988077680376e-17
115,1.1600000000000001e-10,2.041711468031122e-16,9.316107005351916e-17
116,1.17e-10,1.966179397562733e-16,9.850694300884541e-17
117,1.18e-10,2.018146100906954e-16,9.254768438364612e-17
118,1.19e-10,2.1138563949968473e-16,9.900522786999756e-17
119,1.2e-10,1.9822547768842337e-16,9.919997209840476e-17
120,1.2100000000000002e-10,2.045269940079917e-16,9.839762161601757e-17
121,1.2200000000000002e-10,2.0383772438618688e-16,1.0147106417233836e-16
122,1.2300000000000001e-10,2.0995444825616018e-16,1.0313451848867203e-16
123,1.24e-10,2.0048995084621798e-16,1.0131082021098526e-16
124,1.25e-10,1.965358364756796e-16,1.0325202806842232e-16
125,1.26e-10,2.034364320978326e-16,1.0031074542439459e-16
126,1.27e-10,2.0068292084046526e-16,1.0284259607076166e-16
127,1.28e-10,2.0837064114443713e-16,9.520565231046752e-17
128,1.2900000000000002e-10,2.031482178729914e-16,1.0318882758250411e-16
129,1.3000000000000002e-10,2.0052646722809456e-16,9.729924641110567e-17
130,1.31e-10,1.9736979146009607e-16,9.918806311693925e-17
131,1.32e-10,2.1017209487510418e-16,9.855386310847717e-17
132,1.33e-10,2.047082191428926e-16,1.0218602493452855e-16
133,1.34e-10,2.1183134583347265e-16,1.0005251102927272e-16
134,1.35e-10,2.1263644454701782e-16,1.0102884041503767e-16
135,1.3600000000000002e-10,2.07009364209772e-16,9.996963961635396e-17
136,1.3700000000000002e-10,2.046249142995875e-16,1.013984958351013e-16
137,1.3800000000000001e-10,2.0057278042551736e-16,9.962296172608828e-17
138,1.39e-10,2.0106899118462179e-16,1.0279236785710737e-16
139,1.4e-10,2.1159548787921372e-16,1.0026023978658059e-16
140,1.41e-10,1.95224335683651e-16,1.0248218437166208e-16
141,1.42e-10,2.179476155020061e-16,1.0190745509979518e-16
142,1.4300000000000002e-10,2.0828466816578702e-16,1.0240008369610292e-16
143,1.4400000000000002e-10,2.108342883206456e-16,1.0086659817143073e-16
144,1.4500000000000002e-10,2.0993759526295177e-16,1.020513779861747e-16
145,1.46e-10,2.0931644880926958e-16,9.96464136107476e-17
146,1.47e-10,1.9977169052649805e-16,9.917523755949712e-17
147,1.48e-10,2.055626535494235e-16,9.94812367475267e-17
148,1.49e-10,2.070805432245103e-16,1.0214843797715057e-16
149,1.5e-10,2.002347977447927e-16,9.634051742140924e-17
150,1.5100000000000002e-10,1.9876148767988218e-16,9.953679672869847e-17
151,1.5200000000000002e-10,2.057460189040087e-16,1.0257548344078927e-16
152,1.5300000000000001e-10,2.2137343913770616e-16,1.0381568772651314e-16
153,1.54e-10,2.0308794528925056e-16,1.0208928721616753e-16
154,1.55e-10,2.0269010760722212e-16,1.019649759485981e-16
155,1.56e-10,2.0333833334990173e-16,1.0191319792550141e-16
156,1.57e-10,2.040826683690635e-16,1.0598575725741415e-16
157,1.5800000000000002e-10,1.9745332332665452e-16,1.0136027039466183e-16
158,1.5900000000000002e-10,2.0754517800276329e-16,1.0407936305796256e-16
159,1.6000000000000002e-10,2.0447915869465497e-16,1.0289541248304407e-16
160,1.61e-10,2.1696761343192669e-16,1.0521922777303905e-16
161,1.62e-10,2.286135125525916e-16,1.0601058347816817e-16
162,1.63e-10,2.1942387393443757e-16,1.067526477568858e-16
163,1.64e-10,2.1328752162195047e-16,1.0617134282050518e-16
164,1.6500000000000002e-10,2.208770726788723e-16,1.0748122072466253e-16
165,1.6600000000000002e-10,2.283463020248313e-16,1.0664082140657993e-16
166,1.6700000000000002e-10,2.2951411048483e-16,1.0755920972115347e-16
167,1.6800000000000001e-10,2.1847964734027084e-16,1.0826384745391894e-16
168,1.69e-10,2.316269174434046e-16,1.116890776988489e-16
169,1.7e-10,2.1330064936394494e-16,1.0779606539498451e-16
170,1.71e-10,2.281400595843759e-16,1.119256769635549e-16
171,1.72e-10,2.2096827064081342e-16,1.0678691676019002e-16
172,1.7300000000000002e-10,2.216798151215684e-16,1.0935104438365874e-16
173,1.7400000000000002e-10,2.233413063421025e-16,1.1268390193048912e-16
174,1.7500000000000002e-10,2.319936928405306e-16,1.076328536588348e-16
175,1.76e-10,2.2069694290617733e-16,1.0859383190717053e-16
176,1.77e-10,2.283339696650656e-16,1.1330770130861787e-16
177,1.78e-10,2.262957526613458e-16,1.0872873069426641e-16
178,1.79e-10,2.2425473455509436e-16,1.1201814375846007e-16
179,1.8000000000000002e-10,2.1959950112654263e-16,1.059113225082367e-16
180,1.8100000000000002e-10,2.209515405901905e-16,1.0885916069873342e-16
181,1.8200000000000002e-10,2.188287345563602e-16,1.1111083251844844e-16
182,1.8300000000000001e-10,2.2392057303853256e-16,1.1442863529945428e-16
183,1.84e-10,2.093531343921943e-16,1.0576058251149162e-16
184,1.85e-10,2.163049381500595e-16,1.109961481920709e-16
185,1.86e-10,2.1838993352567211e-16,1.0951098785926429e-16
186,1.8700000000000003e-10,2.134356399861905e-16,1.0991690085416987e-16
187,1.8800000000000002e-10,2.0940768433912237e-16,1.0920756035989754e-16
188,1.8900000000000002e-10,2.289090535053196e-16,1.1184237875041704e-16
189,1.9000000000000002e-10,2.199414228036174e-16,1.1239671257452587e-16
190,1.91e-10,2.0371849660388915e-16,1.0724337553441186e-16
191,1.92e-10,2.269858476094235e-16,1.1261847285709285e-16
192,1.93e-10,2.3650685295154235e-16,1.1292364305580603e-16
193,1.94e-10,2.2376395088954514e-16,1.1027654325469553e-16
194,1.9500000000000002e-10,2.091182414641906e-16,1.1118596627517903e-16
195,1.9600000000000002e-10,2.1234172102045427e-16,1.1272771630713278e-16
196,1.9700000000000002e-10,2.1726293022442611e-16,1.1148799486978843e-16
197,1.9800000000000001e-10,2.1830385568700455e-16,1.1083692546579394e-16
198,1.99e-10,2.174022234455886e-16,1.1262852758446734e-16
199,2e-10,2.1390963085999395e-16,1.1272147682725123e-16
200,2.01e-10,2.2758149485717414e-16,1.1310189755132687e-16
201,2.0200000000000003e-10,2.082782200137939e-16,1.1108236650346946e-16
202,2.0300000000000002e-10,2.2391930459536733e-16,1.1356121436335586e-16
203,2.0400000000000002e-10,2.1931506509403605e-16,1.1343659468811205e-16
204,2.0500000000000002e-10,2.2056103246348525e-16,1.09046219990586e-16
205,2.06e-10,2.2458914029814103e-16,1.139130441247853e-16
206,2.07e-10,2.1380234692445235e-16,1.1488522198568882e-16
207,2.08e-10,2.1750109010213033e-16,1.125963494760135e-16
208,2.0900000000000003e-10,2.017387889393227e-16,1.1034459136296697e-16
209,2.1000000000000002e-10,2.1679312840008435e-16,1.1258428673595384e-16
210,2.1100000000000002e-10,2.1645949490254648e-16,1.12670526713349e-16
211,2.1200000000000002e-10,2.252462953795102e-16,1.1610745437181876e-16
212,2.1300000000000001e-10,2.1338121787778305e-16,1.123485419705664e-16
213,2.14e-10,2.0642922108342248e-16,1.1175321405034933e-16
214,2.15e-10,2.1195632916469628e-16,1.1040502704708988e-16
215,2.1600000000000003e-10,2.2799790954581756e-16,1.135057941134617e-16
216,2.1700000000000003e-10,2.2213323729013276e-16,1.1003983336958414e-16
217,2.1800000000000002e-10,2.2043217309559971e-16,1.0806861736305823e-16
218,2.1900000000000002e-10,2.1103259330088554e-16,1.1452180077709453e-16
219,2.2000000000000002e-10,2.3052292740882736e-16,1.1238598440127012e-16
220,2.21e-10,2.1948474740036726e-16,1.150891239314641e-16
221,2.22e-10,2.1170271026809625e-16,1.1194525510470338e-16
222,2.23e-10,2.26177637920731e-16,1.1336008629909739e-16
223,2.2400000000000003e-10,2.1897570138868778e-16,1.1762142921019033e-16
224,2.2500000000000002e-10,2.143575742218701e-16,1.147797595235968e-16
225,2.2600000000000002e-10,2.261960396778435e-16,1.1321690484671403e-16
226,2.2700000000000002e-10,2.227709566635804e-16,1.1545768595480867e-16
227,2.2800000000000001e-10,2.162047883270101e-16,1.1460371599116347e-16
228,2.29e-10,2.161437078619523e-16,1.1367906170548605e-16
229,2.3e-10,2.1381979140311344e-16,1.135768330314777e-16
230,2.3100000000000003e-10,2.1789748331348025e-16,1.1824011278003325e-16
231,2.3200000000000003e-10,2.1948122420392437e-16,1.1222900247299042e-16
232,2.33e-10,2.1686695907954816e-16,1.1708446635446755e-16
233,2.34e-10,2.1498078431723813e-16,1.126008195989178e-16
234,2.35e-10,2.1829782384445144e-16,1.1573407000762958e-16
235,2.36e-10,2.247251945440743e-16,1.1316999491615185e-16
236,2.37e-10,2.2198537609429577e-16,1.1532826668458218e-16
237,2.38e-10,2.1574187111891083e-16,1.1416737520094863e-16
238,2.39e-10,2.2257674691082893e-16,1.142067113928694e-16
239,2.4e-10,2.0744012936569507e-16,1.1419721253074358e-16
240,2.41e-10,2.1595798801626076e-16,1.1365947221147691e-16
241,2.4200000000000004e-10,2.288790037146369e-16,1.1654522417563743e-16
242,2.4300000000000004e-10,2.2196677653868614e-16,1.1697099828700319e-16
243,2.4400000000000004e-10,2.29996990170217e-16,1.0995222072332324e-16
244,2.4500000000000003e-10,2.192652764345181e-16,1.162231734944306e-16
245,2.4600000000000003e-10,2.1077542323085082e-16,1.1250792152277374e-16
246,2.4700000000000003e-10,2.1762292556656512e-16,1.153982155633929e-16
247,2.48e-10,2.1640768840121967e-16,1.1573978560055837e-16
248,2.49e-10,2.0865552463765993e-16,1.109499433822595e-16
249,2.5e-10,2.2148782550240399e-16,1.1284197112546284e-16
250,2.51e-10,2.1320176044096913e-16,1.149933393522719e-16
251,2.52e-10,2.1740473902157957e-16,1.1132667961201881e-16
252,2.53e-10,2.189885804305209e-16,1.1517846755251436e-16
253,2.54e-10,2.2028172500200793e-16,1.1383130171234823e-16
254,2.55e-10,2.1886518325668369e-16,1.1602651008681148e-16
255,2.56e-10,2.2542278155552885e-16,1.1531431137528524e-16
256,2.5700000000000004e-10,2.192456329723062e-16,1.1486579922238312e-16
257,2.5800000000000004e-10,2.2051200372909745e-16,1.183436912283833e-16
258,2.5900000000000004e-10,2.0931218525055445e-16,1.1385014359331109e-16
259,2.6000000000000003e-10,2.1205327149686925e-16,1.1939859337417671e-16
260,2.6100000000000003e-10,2.1225387103622842e-16,1.164564228656002e-16
261,2.62e-10,2.3190891174877762e-16,1.1846587306246523e-16
262,2.63e-10,2.225001817932774e-16,1.1707107614008996e-16
263,2.64e-10,2.1662835655074492e-16,1.1995635249371295e-16
264,2.65e-10,2.4247719943326705e-16,1.2050725542920466e-16
265,2.66e-10,2.3153531719231754e-16,1.198099714383264e-16
266,2.67e-10,2.265966042979071e-16,1.211546123475633e-16
267,2.68e-10,2.4259701891653197e-16,1.197197617886328e-16
268,2.69e-10,2.311249067592511e-16,1.1329847523878735e-16
269,2.7e-10,2.3313119377923103e-16,1.176124727428547e-16
270,2.7100000000000005e-10,2.2304763821337966e-16,1.19210455769489e-16
271,2.7200000000000004e-10,2.3215470329985736e-16,1.2172444962416867e-16
272,2.7300000000000004e-10,2.311863396339842e-16,1.1666171572403288e-16
273,2.7400000000000004e-10,2.2571018516709567e-16,1.181229724397559e-16
274,2.7500000000000003e-10,2.251927291147389e-16,1.2045151675570704e-16
275,2.7600000000000003e-10,2.2523533458483384e-16,1.1572842190156575e-16
276,2.77e-10,2.14288109402055e-16,1.1643122686604192e-16
277,2.78e-10,2.2672258932875815e-16,1.2228479892308598e-16
278,2.79e-10,2.142789692032509e-16,1.1431849271020363e-16
279,2.8e-10,2.1058788840311528e-16,1.1650252365609445e-16
280,2.81e-10,2.1771380753029837e-16,1.1802545108276977e-16
281,2.82e-10,2.2091141729243945e-16,1.1600963849852318e-16
282,2.83e-10,2.1643174956556637e-16,1.1626499563821054e-16
283,2.84e-10,2.236007102265364e-16,1.1737125474608938e-16
284,2.85e-10,2.1778027337409744e-16,1.1816521802502342e-16
285,2.8600000000000005e-10,2.1990938048167686e-16,1.2054615444409887e-16
286,2.8700000000000004e-10,2.1804988872869209e-16,1.1978618331302238e-16
287,2.8800000000000004e-10,2.276002860478809e-16,1.1540948929026722e-16
288,2.8900000000000004e-10,2.293806842443089e-16,1.1804780233664605e-16
289,2.9000000000000003e-10,2.1569829375253327e-16,1.150391087555809e-16
290,2.9100000000000003e-10,2.148851428821663e-16,1.1599568247336443e-16
291,2.92e-10,2.182800750380063e-16,1.2010395036928e-16
292,2.93e-10,2.0998675837386706e-16,1.1278226676975776e-16
293,2.94e-10,2.34130423590439e-16,1.1922190661055235e-16
294,2.95e-10,2.1984686371978543e-16,1.1903276942765427e-16
295,2.96e-10,2.2723648312565156e-16,1.1514084295812476e-16
296,2.97e-10,2.335981852002743e-16,1.180932295030735e-16
297,2.98e-10,2.2490384994445415e-16,1.1589904707484923e-16
298,2.99e-10,2.3032105531503557e-16,1.202559858353709e-16
299,3e-10,2.2333961267693723e-16,1.1885642332857313e-16
300,3.0100000000000005e-10,2.1625374651475918e-16,1.1543316650292683e-16
301,3.0200000000000004e-10,2.1683268508842477e-16,1.1469362478505932e-16
302,3.0300000000000004e-10,2.1666789372741914e-16,1.185489418031934e-16
303,3.0400000000000004e-10,2.1566700423358405e-16,1.1854634643097654e-16
304,3.0500000000000003e-10,2.1167096548684935e-16,1.1545316290013745e-16
305,3.0600000000000003e-10,2.1805414348611008e-16,1.114252672955313e-16
306,3.07e-10,2.4172931142701857e-16,1.1982017811935963e-16
307,3.08e-10,2.356136425976232e-16,1.193663912601717e-16
308,3.09e-10,2.284854523490389e-16,1.218668357743195e-16
309,3.1e-10,2.349325347131694e-16,1.2315447361150805e-16
310,3.11e-10,2.414640013604638e-16,1.240477351795647e-16
311,3.12e-10,2.3384035463610813e-16,1.2150352273705197e-16
312,3.13e-10,2.4621420475766597e-16,1.234710392459816e-16
313,3.14e-10,2.3274408736450975e-16,1.1936978026398258e-16
314,3.1500000000000005e-10,2.1896173759024701e-16,1.2027389783533951e-16
315,3.1600000000000005e-10,2.232343750620313e-16,1.1709414754422203e-16
316,3.1700000000000004e-10,2.2440510767045265e-16,1.2132609941682593e-16
317,3.1800000000000004e-10,2.276688433266468e-16,1.1676855527087419e-16
318,3.1900000000000004e-10,2.2689713521683023e-16,1.207144919449843e-16
319,3.2000000000000003e-10,2.3118926837300495e-16,1.238077276352173e-16
320,3.2100000000000003e-10,2.420709200058894e-16,1.2170777726537999e-16
321,3.22e-10,2.222322807815237e-16,1.2135027690156227e-16
322,3.23e-10,2.317936812354926e-16,1.1495233465096906e-16
323,3.24e-10,2.337796268768699e-16,1.1651549833656043e-16
324,3.25e-10,2.309971897648748e-16,1.1916693468278918e-16
325,3.26e-10,2.254366753064932e-16,1.140481109758298e-16
326,3.27e-10,2.327067143647986e-16,1.1809422606140492e-16
327,3.28e-10,2.2519530580436675e-16,1.1713343415945457e-16
328,3.29e-10,2.3143103724447154e-16,1.156000718908368e-16
329,3.3000000000000005e-10,2.242506872599572e-16,1.1564163241880927e-16
330,3.3100000000000005e-10,2.212700937392251e-16,1.2208692953024284e-16
331,3.3200000000000004e-10,2.1798093133678619e-16,1.2090281095285477e-16
332,3.3300000000000004e-10,2.3348306131229417e-16,1.224450628948172e-16
333,3.3400000000000004e-10,2.467542543597695e-16,1.2206637951663425e-16
334,3.3500000000000003e-10,2.248676577609671e-16,1.1944600216721526e-16
335,3.3600000000000003e-10,2.3436354754372605e-16,1.1961113641463264e-16
336,3.37e-10,2.378023001448722e-16,1.2128445767873728e-16
337,3.38e-10,2.3475025364248607e-16,1.2169321754224604e-16
338,3.39e-10,2.2249439758493403e-16,1.237735569788804e-16
339,3.4e-10,2.2044435043738037e-16,1.1953238984408e-16
340,3.41e-10,2.3114788727121713e-16,1.2011439833619866e-16
341,3.42e-10,2.420452351342992e-16,1.2124981257796747e-16
342,3.43e-10,2.2178209881036242e-16,1.2348692930821868e-16
343,3.44e-10,2.387325833647616e-16,1.2398213098996956e-16
344,3.4500000000000005e-10,2.330031676398013e-16,1.2588665474780538e-16
345,3.4600000000000005e-10,2.410109446500993e-16,1.2008699959748764e-16
346,3.4700000000000004e-10,2.2609858647701487e-16,1.1786734013040555e-16
347,3.4800000000000004e-10,2.322432760052428e-16,1.1717213614643849e-16
348,3.4900000000000004e-10,2.2271521256864093e-16,1.193734338555544e-16
349,3.5000000000000003e-10,2.4085530579536234e-16,1.2135928080352728e-16
350,3.5100000000000003e-10,2.271127776578617e-16,1.214233873441383e-16
351,3.52e-10,2.260133307784027e-16,1.149601244889688e-16
352,3.53e-10,2.2395148686279874e-16,1.18378497330566e-16
353,3.54e-10,2.1879936024755473e-16,1.171397495211957e-16
354,3.55e-10,2.267024288802924e-16,1.2053354369484752e-16
355,3.56e-10,2.354659537270407e-16,1.1574639592389007e-16
356,3.57e-10,2.310065405919848e-16,1.1879773689369627e-16
357,3.58e-10,2.2886114228084293e-16,1.196253483557919e-16
358,3.5900000000000005e-10,2.230342442040783e-16,1.1900190608742887e-16
359,3.6000000000000005e-10,2.31433199297351e-16,1.2226427672151866e-16
360,3.6100000000000005e-10,2.206023111186399e-16,1.2078707944759559e-16
361,3.6200000000000004e-10,2.342392628813013e-16,1.2030672967115347e-16
362,3.6300000000000004e-10,2.3088486720797994e-16,1.2027012309013982e-16
363,3.6400000000000004e-10,2.299163967362022e-16,1.1824615327896297e-16
364,3.6500000000000003e-10,2.1016249139633904e-16,1.1898495725996088e-16
365,3.6600000000000003e-10,2.4716054203126763e-16,1.2500067349265174e-16
366,3.67e-10,2.2440947271311115e-16,1.190116715904853e-16
367,3.68e-10,2.281625942555047e-16,1.1970263409503992e-16
368,3.69e-10,2.2946716497469677e-16,1.206238626399134e-16
369,3.7e-10,2.0925930227819223e-16,1.1701379300819577e-16
370,3.71e-10,2.1992794062029413e-16,1.2330752616801716e-16
371,3.72e-10,2.3086716764792346e-16,1.2263152952219186e-16
372,3.73e-10,2.2614346219067367e-16,1.2033159842584649e-16
373,3.7400000000000005e-10,2.3218579190287174e-16,1.1960298364878428e-16
374,3.7500000000000005e-10,2.3354840297172823e-16,1.219966522330434e-16
375,3.7600000000000005e-10,2.286991728899323e-16,1.160374611675486e-16
376,3.7700000000000004e-10,2.3646247054425264e-16,1.239478996121405e-16
377,3.7800000000000004e-10,2.2557502711741683e-16,1.2087700783758472e-16
378,3.7900000000000004e-10,2.3527442994763296e-16,1.23026747682465e-16
379,3.8000000000000003e-10,2.3112148500665604e-16,1.2629235274311293e-16
380,3.8100000000000003e-10,2.292074376258737e-16,1.1868989653386766e-16
381,3.82e-10,2.27956723712917e-16,1.26419898741868e-16
382,3.83e-10,2.418134383408163e-16,1.2648211237597534e-16
383,3.84e-10,2.271277047933461e-16,1.2078471195825086e-16
384,3.85e-10,2.43538325393296e-16,1.2384253505314296e-16
385,3.86e-10,2.345013601615824e-16,1.2605199757838685e-16
386,3.87e-10,2.495739181152271e-16,1.2183222301585465e-16
387,3.88e-10,2.3614693122680035e-16,1.223900773758469e-16
388,3.8900000000000005e-10,2.40620762148095e-16,1.2371270222258984e-16
389,3.9000000000000005e-10,2.326032833751159e-16,1.2085072204505253e-16
390,3.9100000000000005e-10,2.414073488139025e-16,1.2237909201324705e-16
391,3.9200000000000004e-10,2.434721237433145e-16,1.224737658361959e-16
392,3.9300000000000004e-10,2.523395750325357e-16,1.2518160082734815e-16
393,3.9400000000000004e-10,2.3956637278460596e-16,1.2333414089865338e-16
394,3.9500000000000003e-10,2.4853267707532016e-16,1.2229008072867621e-16
395,3.9600000000000003e-10,2.4389971566035116e-16,1.249223641034838e-16
396,3.97e-10,2.559416156848795e-16,1.2618685898086015e-16
397,3.98e-10,2.4033128386228894e-16,1.244257096222767e-16
398,3.99e-10,2.502806081140591e-16,1.2531736012057454e-16
399,4e-10,2.6553536367770013e-16,1.2820336712427783e-16
400,4.01e-10,2.507080711851297e-16,1.2671977744263799e-16
401,4.02e-10,2.4089545698766044e-16,1.2784684719391568e-16
402,4.0300000000000006e-10,2.810814235275338e-16,1.289356234772229e-16
403,4.0400000000000005e-10,2.4824484697193344e-16,1.2766176233463751e-16
404,4.0500000000000005e-10,2.6690484252742487e-16,1.2720921172410394e-16
405,4.0600000000000005e-10,2.716247765647728e-16,1.270344600198225e-16
406,4.0700000000000004e-10,2.632806022723599e-16,1.2851625431201214e-16
407,4.0800000000000004e-10,2.583390612259305e-16,1.2619124676114588e-16
408,4.0900000000000004e-10,2.580323001080151e-16,1.2507899423228292e-16
409,4.1000000000000003e-10,2.668556053013406e-16,1.2368631620629126e-16
410,4.1100000000000003e-10,2.7124827808680437e-16,1.2536177644174145e-16
411,4.12e-10,2.7690943738373674e-16,1.2506904440488775e-16
412,4.13e-10,2.744045297148209e-16,1.269821675020793e-16
413,4.14e-10,2.663073886543385e-16,1.2364880900920115e-16
414,4.15e-10,2.7319570224826385e-16,1.2487705619443154e-16
415,4.16e-10,2.660505249517528e-16,1.273163106003376e-16
416,4.17e-10,2.659327265383053e-16,1.2390701474182113e-16
417,4.1800000000000006e-10,2.7354289808427207e-16,1.2728319330184769e-16
418,4.1900000000000005e-10,2.7434708506468323e-16,1.2620100081554166e-16
419,4.2000000000000005e-10,2.653894507558128e-16,1.32021803873023e-16
420,4.2100000000000005e-10,2.734524611117568e-16,1.2671786840977815e-16
421,4.2200000000000004e-10,2.5732675376218605e-16,1.242397498373793e-16
422,4.2300000000000004e-10,2.7079510069139894e-16,1.2784994568632176e-16
423,4.2400000000000004e-10,2.727139299368235e-16,1.290498657257325e-16
424,4.2500000000000003e-10,2.6080061246236182e-16,1.2615672120157258e-16
425,4.2600000000000003e-10,2.594429618127889e-16,1.2581572462052223e-16
426,4.27e-10,2.7534122428512353e-16,1.288011632860913e-16
427,4.28e-10,2.545490220963765e-16,1.2369882970437668e-16
428,4.29e-10,2.634730217587834e-16,1.252485848875718e-16
429,4.3e-10,2.4610606362568503e-16,1.2416150101862368e-16
430,4.31e-10,2.6397325313570483e-16,1.2502068688480762e-16
431,4.3200000000000006e-10,2.7464549704038386e-16,1.2633720903633305e-16
432,4.3300000000000006e-10,2.543360530370999e-16,1.2438905980644943e-16
433,4.3400000000000005e-10,2.70631804436057e-16,1.2619218525376434e-16
434,4.3500000000000005e-10,2.7599868915007346e-16,1.2662683522133635e-16
435,4.3600000000000005e-10,2.717091954175935e-16,1.2490023013318043e-16
436,4.3700000000000004e-10,2.711014593190231e-16,1.257441517886354e-16
437,4.3800000000000004e-10,2.7624155218445884e-16,1.3234158621347587e-16
438,4.3900000000000003e-10,2.575769662406235e-16,1.2610583222364485e-16
439,4.4000000000000003e-10,2.74724107532831e-16,1.2568806537921156e-16
440,4.4100000000000003e-10,2.607625769835885e-16,1.227550513784445e-16
441,4.42e-10,2.638676875133725e-16,1.2508201170840997e-16
442,4.43e-10,2.6442236061566707e-16,1.2769515337943145e-16
443,4.44e-10,2.6091909644730094e-16,1.2314354202420248e-16
444,4.45e-10,2.5709208818203816e-16,1.1956319747199885e-16
445,4.46e-10,2.7783372817753117e-16,1.2590421933804696e-16
446,4.4700000000000006e-10,2.640632983101019e-16,1.288727885910459e-16
447,4.4800000000000006e-10,2.6658527844480734e-16,1.2660912487620436e-16
448,4.4900000000000005e-10,2.6965421852215373e-16,1.2448999901080612e-16
449,4.5000000000000005e-10,2.560025749769715e-16,1.234481330726213e-16
450,4.5100000000000005e-10,2.574383829848408e-16,1.2386285175940302e-16
451,4.5200000000000004e-10,2.6184264236434304e-16,1.2807421327436892e-16
452,4.5300000000000004e-10,2.541801402512643e-16,1.2731676019924386e-16
453,4.5400000000000003e-10,2.526370190503263e-16,1.230357046210302e-16
454,4.5500000000000003e-10,2.627788404294509e-16,1.2623695539392527e-16
455,4.5600000000000003e-10,2.53611821162258e-16,1.211327487273556e-16
456,4.57e-10,2.5884512501196963e-16,1.2358874117477433e-16
457,4.58e-10,2.5668325232117768e-16,1.2392122760765597e-16
458,4.59e-10,2.5671096379491987e-16,1.2592473852439024e-16
459,4.6e-10,2.622548858081734e-16,1.2814355423989399e-16
460,4.61e-10,2.6279706285833498e-16,1.268584409200278e-16
461,4.6200000000000006e-10,2.6746308896260935e-16,1.2495501539913758e-16
462,4.6300000000000006e-10,2.5807079223586987e-16,1.248123120841459e-16
463,4.6400000000000005e-10,2.7720636354483635e-16,1.2768014985489548e-16
464,4.6500000000000005e-10,2.794535676962553e-16,1.2578880429093007e-16
465,4.66e-10,2.649711310745288e-16,1.261877889890998e-16
466,4.67e-10,2.4156171245531e-16,1.236028770613632e-16
467,4.68e-10,2.6567327165449714e-16,1.2756459264216307e-16
468,4.69e-10,2.705379618636992e-16,1.258945587794972e-16
469,4.7e-10,2.6574018963222276e-16,1.3077439624750296e-16
470,4.71e-10,2.6697186711237075e-16,1.273001991969156e-16
471,4.72e-10,2.6035812750361707e-16,1.2424266106388135e-16
472,4.73e-10,2.5490061391995485e-16,1.2309643633336536e-16
473,4.74e-10,2.703436517153187e-16,1.2854651117131647e-16
474,4.75e-10,2.714959413870912e-16,1.2246660785879555e-16
475,4.76e-10,2.646978798361722e-16,1.2546686907687035e-16
476,4.77e-10,2.5874795105189917e-16,1.2293853998868852e-16
477,4.78e-10,2.6018468212920576e-16,1.293420449421276e-16
478,4.79e-10,2.5716840857741285e-16,1.2629679433563782e-16
479,4.8e-10,2.6074411928834227e-16,1.2432407061928376e-16
480,4.81e-10,2.7651677005668917e-16,1.2887802414888966e-16
481,4.82e-10,2.616820857501462e-16,1.2292216775784773e-16
482,4.83e-10,2.7878705649220843e-16,1.265711182967976e-16
483,4.840000000000001e-10,2.730284000526197e-16,1.2814145783195181e-16
484,4.850000000000001e-10,2.6927920818549987e-16,1.2587249385772804e-16
485,4.860000000000001e-10,2.744115318556614e-16,1.3005439262904866e-16
486,4.870000000000001e-10,2.7716657154027557e-16,1.2842336005199558e-16
487,4.880000000000001e-10,2.6121737996243475e-16,1.2634807355108453e-16
488,4.890000000000001e-10,2.7541119898267403e-16,1.2754556316373014e-16
489,4.900000000000001e-10,2.6463121052808045e-16,1.2313459936940796e-16
490,4.910000000000001e-10,2.6314262042011817e-16,1.24893950019239e-16
491,4.920000000000001e-10,2.8416921607138585e-16,1.3049102451394083e-16
492,4.930000000000001e-10,2.6462324145977503e-16,1.2691822843865053e-16
493,4.940000000000001e-10,2.488084504849214e-16,1.2724755967765634e-16
494,4.95e-10,2.6984942558812553e-16,1.2887324508100566e-16
495,4.96e-10,2.834860427786239e-16,1.302472934789366e-16
496,4.97e-10,2.7067953955913535e-16,1.2458761889416152e-16
497,4.98e-10,2.625176624311536e-16,1.2727621249415702e-16
498,4.99e-10,2.772721518788612e-16,1.2455104667932678e-16
499,5e-10,2.65603779613456e-16,1.26221681444081e-16
500,5.01e-10,2.590546858517896e-16,1.231119536526737e-16
501,5.02e-10,2.701506028573908e-16,1.2817183158757709e-16
502,5.03e-10,2.700512719083253e-16,1.249190285621776e-16
503,5.04e-10,2.740010677323637e-16,1.2681523706639723e-16
504,5.05e-10,2.703946735403868e-16,1.3046184443367263e-16
505,5.06e-10,2.823742533883767e-16,1.2380815949383533e-16
506,5.07e-10,2.692609543413074e-16,1.3130206336534132e-16
507,5.08e-10,2.639157982645093e-16,1.2784758464209767e-16
508,5.09e-10,2.619724336158495e-16,1.2706928967094343e-16
509,5.1e-10,2.735770803397985e-16,1.2774358501844332e-16
510,5.11e-10,2.6761452330604363e-16,1.2498077688459212e-16
511,5.12e-10,2.617539423268771e-16,1.2960558530441985e-16
512,5.130000000000001e-10,2.6509713103187255e-16,1.2464547361708588e-16
513,5.140000000000001e-10,2.5953232746932704e-16,1.256745817758943e-16
514,5.150000000000001e-10,2.780060250097801e-16,1.252414596159719e-16
515,5.160000000000001e-10,2.6473924092497356e-16,1.2537014585133872e-16
516,5.170000000000001e-10,2.682850648056535e-16,1.24521796075977e-16
517,5.180000000000001e-10,2.8222141104580604e-16,1.2498904953246946e-16
518,5.190000000000001e-10,2.637560560481077e-16,1.2900703528571471e-16
519,5.200000000000001e-10,2.7333104815807946e-16,1.2309876950884605e-16
520,5.210000000000001e-10,2.775315120092364e-16,1.278538315254373e-16
521,5.220000000000001e-10,2.564184473838724e-16,1.2974072237073657e-16
522,5.230000000000001e-10,2.721473252061725e-16,1.271739862881815e-16
523,5.24e-10,2.730405225791832e-16,1.294045250802775e-16
524,5.25e-10,2.57166290442718e-16,1.2360980106234578e-16
525,5.26e-10,2.698462115401267e-16,1.2826376738516347e-16
526,5.27e-10,2.8541549841382237e-16,1.300911288497361e-16
527,5.28e-10,2.7279798413267454e-16,1.281637146415433e-16
528,5.29e-10,2.777080737315273e-16,1.3009720595494287e-16
529,5.3e-10,2.7724721743923274e-16,1.3293358929448126e-16
530,5.31e-10,2.85997128608701e-16,1.2827589036772432e-16
531,5.32e-10,2.862681999466826e-16,1.3426970727997325e-16
532,5.33e-10,2.78212656849351e-16,1.2970082373943848e-16
533,5.34e-10,2.834135202248111e-16,1.337237279487506e-16
534,5.35e-10,2.797965156004595e-16,1.31747126793215e-16
535,5.36e-10,2.9134745398947106e-16,1.3599507311563367e-16
536,5.37e-10,2.784090625190058e-16,1.298651229079444e-16
537,5.38e-10,2.790775809865534e-16,1.3087500296433645e-16
538,5.39e-10,2.9004008484819724e-16,1.3113348437258822e-16
539,5.4e-10,2.8517527614190855e-16,1.294887902582204e-16
540,5.41e-10,2.699690082510976e-16,1.284684499838276e-16
541,5.420000000000001e-10,2.773050695837334e-16,1.2892327982168347e-16
542,5.430000000000001e-10,2.689903125537973e-16,1.327910846991954e-16
543,5.440000000000001e-10,2.863358144752866e-16,1.3153934710775958e-16
544,5.450000000000001e-10,2.799738585237351e-16,1.305612211142428e-16
545,5.460000000000001e-10,2.6979079868097373e-16,1.321855313507012e-16
546,5.470000000000001e-10,2.768808235192528e-16,1.361064375402191e-16
547,5.480000000000001e-10,2.9137665667414036e-16,1.3357585764592635e-16
548,5.490000000000001e-10,2.825856626742824e-16,1.3385234895786159e-16
549,5.500000000000001e-10,2.795486653557807e-16,1.3438904868061852e-16
550,5.510000000000001e-10,2.911842260906814e-16,1.3001528477546704e-16
551,5.520000000000001e-10,2.730341925966777e-16,1.3085272955456276e-16
552,5.530000000000001e-10,2.6823921459199797e-16,1.3582364652478544e-16
553,5.54e-10,2.78407689718764e-16,1.3327301465033476e-16
554,5.55e-10,2.6434086231387085e-16,1.3161644232457203e-16
555,5.56e-10,2.7789225730802873e-16,1.331447197568788e-16
556,5.57e-10,2.723145643387798e-16,1.2981022247141658e-16
557,5.58e-10,2.5690736232080457e-16,1.3156887208795036e-16
558,5.59e-10,2.6808841914307186e-16,1.3511889491791307e-16
559,5.6e-10,2.6405555630159013e-16,1.325952982172205e-16
560,5.61e-10,2.5122617706124813e-16,1.2873535953861327e-16
561,5.62e-10,2.886437915015364e-16,1.3309539938771513e-16
562,5.63e-10,2.6906349420677456e-16,1.3240898491729612e-16
563,5.64e-10,2.6132479213751107e-16,1.3166214982962543e-16
564,5.65e-10,2.7397438575433995e-16,1.3624393891029388e-16
565,5.66e-10,2.867378979729393e-16,1.3538688666313929e-16
566,5.67e-10,2.7521524746698403e-16,1.340405962526341e-16
567,5.68e-10,2.935884823144412e-16,1.354405769262848e-16
568,5.69e-10,2.680297716923307e-16,1.3287570281850465e-16
569,5.7e-10,2.74612375663948e-16,1.329084550855631e-16
570,5.71e-10,2.785519347047796e-16,1.332463732746806e-16
571,5.720000000000001e-10,2.648203146877689e-16,1.3216363985538279e-16
572,5.730000000000001e-10,2.5314920095647415e-16,1.2936281437331682e-16
573,5.740000000000001e-10,2.680777514291129e-16,1.320990737401902e-16
574,5.750000000000001e-10,2.6651587234058787e-16,1.31863158371734e-16
575,5.760000000000001e-10,2.545177737990153e-16,1.3159354699080755e-16
576,5.770000000000001e-10,2.70136652886379e-16,1.3169734263452323e-16
577,5.780000000000001e-10,2.51136381511167e-16,1.3085756499323102e-16
578,5.790000000000001e-10,2.729838986206095e-16,1.33495815453028e-16
579,5.800000000000001e-10,2.7300376269344123e-16,1.352722106466161e-16
580,5.810000000000001e-10,2.5859685623744175e-16,1.3328920835108205e-16
581,5.820000000000001e-10,2.5732059794761536e-16,1.313441309649589e-16
582,5.830000000000001e-10,2.6674883881243416e-16,1.3250006785845615e-16
583,5.84e-10,2.735773978547515e-16,1.3135359313292544e-16
584,5.85e-10,2.7086428686517587e-16,1.314535635117769e-16
585,5.86e-10,2.6124025784167305e-16,1.2796311933159386e-16
586,5.87e-10,2.6428142609822535e-16,1.3273574825332283e-16
587,5.88e-10,2.7083922573230645e-16,1.3588603254731733e-16
588,5.89e-10,2.54431069690359e-16,1.2930122350248792e-16
589,5.9e-10,2.724649136608197e-16,1.2992717945108984e-16
590,5.91e-10,2.6497232265043964e-16,1.3227755701060277e-16
591,5.92e-10,2.701550423305416e-16,1.334402094855563e-16
592,5.93e-10,2.593197362438126e-16,1.3379536344675876e-16
593,5.94e-10,2.72460172780938e-16,1.3362657320013409e-16
594,5.95e-10,2.624091858258987e-16,1.2876783489797368e-16
595,5.96e-10,2.6845503621882055e-16,1.3259307524542882e-16
596,5.97e-10,2.5890163549970584e-16,1.3144495610179536e-16
597,5.98e-10,2.6499012347204823e-16,1.325191039690156e-16
598,5.99e-10,2.79721862663442e-16,1.3184952192709578e-16
599,6e-10,2.62453677819768e-16,1.3442496889196185e-16
600,6.010000000000001e-10,2.5905479365935275e-16,1.331378979087735e-16
601,6.020000000000001e-10,2.678079759488214e-16,1.2863699577107836e-16
602,6.030000000000001e-10,2.7935111463923137e-16,1.3193704225986972e-16
603,6.040000000000001e-10,2.762699296646104e-16,1.3455904405128083e-16
604,6.050000000000001e-10,2.6649980585119445e-16,1.360016781967212e-16
605,6.060000000000001e-10,2.678943191575887e-16,1.369893787896621e-16
606,6.070000000000001e-10,2.778467737414248e-16,1.3679808590877055e-16
607,6.080000000000001e-10,2.8500388113262853e-16,1.326259758258837e-16
608,6.090000000000001e-10,2.7214877859693147e-16,1.3580450463140806e-16
609,6.100000000000001e-10,2.722282003559623e-16,1.364214333371185e-16
610,6.110000000000001e-10,2.6551955324123156e-16,1.336487244964032e-16
611,6.120000000000001e-10,2.7551261241455575e-16,1.3592996042916445e-16
612,6.130000000000001e-10,2.6894211284167306e-16,1.3219805219926967e-16
613,6.14e-10,2.851436865541204e-16,1.3337318898013938e-16
614,6.15e-10,2.775370404702955e-16,1.3196774632211546e-16
615,6.16e-10,2.7240330608472476e-16,1.3144281856651118e-16
616,6.17e-10,2.7313507819640886e-16,1.3538865565409737e-16
617,6.18e-10,2.6622316507146467e-16,1.2957757154000605e-16
618,6.19e-10,2.781919235304344e-16,1.282088632909219e-16
619,6.2e-10,2.7823214627605267e-16,1.3485391607507608e-16
620,6.21e-10,2.6689358085996126e-16,1.3091741371616572e-16
621,6.22e-10,2.5117443699111484e-16,1.3124456448682264e-16
622,6.23e-10,2.8186477881204986e-16,1.300547816866859e-16
623,6.24e-10,2.77049602691819e-16,1.3623865398035033e-16
624,6.25e-10,2.7408059182419336e-16,1.3378691216742508e-16
625,6.26e-10,2.6742047361391575e-16,1.320257733158459e-16
626,6.27e-10,2.680053681550143e-16,1.367529863268151e-16
627,6.28e-10,2.690485314648243e-16,1.3411005783608873e-16
628,6.29e-10,2.7282298724245207e-16,1.346872014458369e-16
629,6.300000000000001e-10,2.5965480113793246e-16,1.353731354818641e-16
630,6.310000000000001e-10,2.727034722094085e-16,1.3240693687809505e-16
631,6.320000000000001e-10,2.6331004742600206e-16,1.3280778827875704e-16
632,6.330000000000001e-10,2.7504514686091813e-16,1.3409117805443083e-16
633,6.340000000000001e-10,2.600421717700911e-16,1.348440548868163e-16
634,6.350000000000001e-10,2.617700514384964e-16,1.3319443123879114e-16
635,6.360000000000001e-10,2.7507331362076017e-16,1.3521407146014087e-16
636,6.370000000000001e-10,2.7497054248271893e-16,1.3430918584560281e-16
637,6.380000000000001e-10,2.730460568614966e-16,1.325593405798562e-16
638,6.390000000000001e-10,2.5947660405849155e-16,1.3229553771805968e-16
639,6.400000000000001e-10,2.8024455539051027e-16,1.317280501926018e-16
640,6.410000000000001e-10,2.8531097054017016e-16,1.325157708843335e-16
641,6.420000000000001e-10,2.6872789566230145e-16,1.2688474602717373e-16
642,6.430000000000001e-10,2.844412313906005e-16,1.3409848028263094e-16
643,6.44e-10,2.818619672172891e-16,1.3678313592241846e-16
644,6.45e-10,2.709421035427688e-16,1.3370601425581213e-16
645,6.46e-10,2.7794355069413517e-16,1.3322606829478246e-16
646,6.47e-10,2.8176098483652626e-16,1.3399691829233726e-16
647,6.48e-10,2.7045696415241527e-16,1.3402488270243018e-16
648,6.49e-10,2.698424580472946e-16,1.3124898793891762e-16
649,6.5e-10,2.9336860427830077e-16,1.3653148337450739e-16
650,6.51e-10,2.6119453895663095e-16,1.3060034149208332e-16
651,6.52e-10,2.581542626471079e-16,1.3322951043715288e-16
652,6.53e-10,2.7169846776649973e-16,1.2939647364587355e-16
653,6.54e-10,2.7562016334244463e-16,1.3316390812910589e-16
654,6.55e-10,2.766761970700557e-16,1.324029979404382e-16
655,6.56e-10,2.747238545041984e-16,1.3794243646969982e-16
656,6.57e-10,2.6475172442294923e-16,1.3268165112724885e-16
657,6.58e-10,2.8629261564970805e-16,1.3495072003400215e-16
658,6.590000000000001e-10,2.9354417883385263e-16,1.362843046868205e-16
659,6.600000000000001e-10,2.6916443539879597e-16,1.3199976985158267e-16
660,6.610000000000001e-10,2.8355477341376443e-16,1.3369778829412683e-16
661,6.620000000000001e-10,2.735671968360684e-16,1.3405216830430067e-16
662,6.630000000000001e-10,2.665464388655899e-16,1.3399818560192711e-16
663,6.640000000000001e-10,2.731427479009735e-16,1.35991069472743e-16
664,6.650000000000001e-10,2.768775201955441e-16,1.3301385191422457e-16
665,6.660000000000001e-10,2.791882690511516e-16,1.3500332328592754e-16
666,6.670000000000001e-10,2.724583849433975e-16,1.3308258294032546e-16
667,6.680000000000001e-10,2.788297443034191e-16,1.3639338085305857e-16
668,6.690000000000001e-10,2.6414049230422533e-16,1.3641515280077384e-16
669,6.700000000000001e-10,2.6794328967255155e-16,1.3410106829851733e-16
670,6.710000000000001e-10,2.715519901334497e-16,1.3655993700068764e-16
671,6.720000000000001e-10,2.9457560017148465e-16,1.3558419853347147e-16
672,6.730000000000001e-10,2.6740766658669246e-16,1.3387800938924333e-16
673,6.74e-10,2.6980325357428397e-16,1.3585409863093338e-16
674,6.75e-10,2.723694193785927e-16,1.3289157329704407e-16
675,6.76e-10,2.624247299986691e-16,1.342521720445463e-16
676,6.77e-10,2.8069859582415662e-16,1.337204243220832e-16
677,6.78e-10,2.5361471652589373e-16,1.336626775183402e-16
678,6.79e-10,2.5997353690382194e-16,1.3307812066606739e-16
679,6.8e-10,2.4482193895722597e-16,1.3268227578207914e-16
680,6.81e-10,2.677124841417429e-16,1.3148683495921004e-16
681,6.82e-10,2.666968747007528e-16,1.3339381258362048e-16
682,6.83e-10,2.809428214125288e-16,1.3099330695325008e-16
683,6.84e-10,2.763883902470486e-16,1.3215400397067278e-16
684,6.85e-10,2.5779593802744207e-16,1.3468597218176004e-16
685,6.86e-10,2.665330869704369e-16,1.29455683149902e-16
686,6.87e-10,2.682748919120124e-16,1.31722234846385e-16
687,6.88e-10,2.7472437282944854e-16,1.3541690373015872e-16
688,6.890000000000001e-10,2.910668251562865e-16,1.3437237399840596e-16
689,6.900000000000001e-10,2.857191061590064e-16,1.3140280788919408e-16
690,6.910000000000001e-10,2.689193449534401e-16,1.339277662682693e-16
691,6.920000000000001e-10,2.6364274573326734e-16,1.3170430626141027e-16
692,6.930000000000001e-10,2.7629871577810903e-16,1.319459620671154e-16
693,6.940000000000001e-10,2.9172813347382596e-16,1.3529854588221e-16
694,6.950000000000001e-10,2.7719808121431588e-16,1.3385756737528507e-16
695,6.960000000000001e-10,2.716525488449006e-16,1.3261731625818617e-16
696,6.970000000000001e-10,2.617089122748041e-16,1.3101754873329324e-16
697,6.980000000000001e-10,2.800838292403167e-16,1.3259832828774184e-16
698,6.990000000000001e-10,2.7123903357566896e-16,1.353438190330657e-16
699,7.000000000000001e-10,2.8378684581884176e-16,1.3331770344699962e-16
700,7.010000000000001e-10,2.66057706529407e-16,1.3096455310366642e-16
701,7.020000000000001e-10,2.694947928781739e-16,1.35080949739673e-16
702,7.030000000000001e-10,2.612051956170645e-16,1.3545964660864393e-16
703,7.04e-10,2.8238376554077157e-16,1.331298491200055e-16
704,7.05e-10,2.676121129467316e-16,1.3046073782339416e-16
705,7.06e-10,2.856313241326548e-16,1.3573223831831086e-16
706,7.07e-10,2.647259963752819e-16,1.3254664998366244e-16
707,7.08e-10,2.8440340781129105e-16,1.3267002820804488e-16
708,7.09e-10,2.6785340606992177e-16,1.3243720620953052e-16
709,7.1e-10,2.9440540537615794e-16,1.348808068601574e-16
710,7.11e-10,2.767815614737589e-16,1.3086623642921791e-16
711,7.12e-10,2.70220446521293e-16,1.3414424335128522e-16
712,7.13e-10,2.551811363267694e-16,1.3256492801587858e-16
713,7.14e-10,2.692398047659518e-16,1.37114551847768e-16
714,7.15e-10,2.775131336668117e-16,1.3758389569568566e-16
715,7.16e-10,2.7597801940579615e-16,1.317053732985142e-16
716,7.17e-10,2.943201895369178e-16,1.311816401884939e-16
717,7.180000000000001e-10,2.7026539523401267e-16,1.3066180291067335e-16
718,7.190000000000001e-10,2.671545668562749e-16,1.310228462810149e-16
719,7.200000000000001e-10,2.8465260252925814e-16,1.3330104671566647e-16
720,7.210000000000001e-10,2.751427056993083e-16,1.3473019040475596e-16
721,7.220000000000001e-10,2.693520624352969e-16,1.342299398771315e-16
722,7.230000000000001e-10,2.673448062111362e-16,1.3271270850783385e-16
723,7.240000000000001e-10,2.859890328016291e-16,1.3317271236947915e-16
724,7.250000000000001e-10,2.7767021145952826e-16,1.3089469577026032e-16
725,7.260000000000001e-10,2.528763189761615e-16,1.3605023019795927e-16
726,7.270000000000001e-10,2.7072723507720746e-16,1.339340665978523e-16
727,7.280000000000001e-10,2.7065514291098123e-16,1.3207697622797759e-16
728,7.290000000000001e-10,2.7734019797157005e-16,1.3421274020505884e-16
729,7.300000000000001e-10,2.737002375418601e-16,1.337809414075288e-16
730,7.310000000000001e-10,2.6486926635328027e-16,1.3407026388916892e-16
731,7.320000000000001e-10,2.93578405606847e-16,1.2999432198338653e-16
732,7.330000000000001e-10,2.595085573128699e-16,1.3287867294340663e-16
733,7.34e-10,2.7187698721957103e-16,1.3158167498686816e-16
734,7.35e-10,2.6793672797784063e-16,1.3375083234227678e-16
735,7.36e-10,2.7908247349437247e-16,1.3701112019772777e-16
736,7.37e-10,2.779224524890347e-16,1.3449353907331688e-16
737,7.38e-10,2.644737702562307e-16,1.3223950124872293e-16
738,7.39e-10,2.6490150315248115e-16,1.2897982341625155e-16
739,7.4e-10,2.7574630930993546e-16,1.3402782490763898e-16
740,7.41e-10,2.5655366479703613e-16,1.3184061224403724e-16
741,7.42e-10,2.698710964971098e-16,1.3546375974038807e-16
742,7.43e-10,2.6408883732582437e-16,1.3456752011518652e-16
743,7.44e-10,2.721028906232935e-16,1.3585307769186322e-16
744,7.45e-10,2.683282562643604e-16,1.3613434557546135e-16
745,7.46e-10,2.703708745637864e-16,1.3282658691752555e-16
746,7.470000000000001e-10,2.7004858249812037e-16,1.3649304706816486e-16
747,7.480000000000001e-10,2.641287837210087e-16,1.3450496347087188e-16
748,7.490000000000001e-10,2.6656484540281595e-16,1.3524223368440574e-16
749,7.500000000000001e-10,2.6318402630134566e-16,1.3641523183118716e-16
750,7.510000000000001e-10,2.68768162615543e-16,1.3342507128684435e-16
751,7.520000000000001e-10,2.6947574771343935e-16,1.3574196944433222e-16
752,7.530000000000001e-10,2.8227641351830285e-16,1.3312208191684197e-16
753,7.540000000000001e-10,2.8729123200865424e-16,1.3471795761888582e-16
754,7.550000000000001e-10,2.7567973521512525e-16,1.3856230702854914e-16
755,7.560000000000001e-10,2.8560141009781223e-16,1.3726126181936268e-16
756,7.570000000000001e-10,2.705731447331466e-16,1.3862596363817653e-16
757,7.580000000000001e-10,2.7019947913380107e-16,1.350101534927598e-16
758,7.590000000000001e-10,2.7072771276729717e-16,1.3756430433258746e-16
759,7.600000000000001e-10,2.818663551613396e-16,1.383548565663512e-16
760,7.610000000000001e-10,2.649256276648346e-16,1.3717455902212327e-16
761,7.620000000000001e-10,2.5862013700229466e-16,1.2906028888647266e-16
762,7.630000000000001e-10,2.7499265567526353e-16,1.380845863356805e-16
763,7.64e-10,2.802179102459449e-16,1.3996894539687383e-16
764,7.65e-10,2.709005303050039e-16,1.3680182207884604e-16
765,7.66e-10,2.733146169841039e-16,1.3427756235181448e-16
766,7.67e-10,2.711524215647609e-16,1.3248293226100924e-16
767,7.68e-10,2.738197361247745e-16,1.3725643852075203e-16
768,7.69e-10,2.6008483579887687e-16,1.3457020578625816e-16
769,7.7e-10,2.668757321651324e-16,1.3497519200456457e-16
770,7.71e-10,2.681833154983709e-16,1.3747224284354583e-16
771,7.72e-10,2.680199632018875e-16,1.3507098554350205e-16
772,7.73e-10,2.65857267304257e-16,1.3749666270323263e-16
773,7.74e-10,2.7260473499510223e-16,1.356686301081544e-16
774,7.75e-10,2.5582649332008757e-16,1.3205723806608614e-16
775,7.76e-10,2.7476307081787964e-16,1.3505150809400987e-16
776,7.770000000000001e-10,2.6939495102152446e-16,1.375334892006237e-16
777,7.780000000000001e-10,2.6462859680300927e-16,1.3617592891663266e-16
778,7.790000000000001e-10,2.815478780856249e-16,1.40987181651729e-16
779,7.800000000000001e-10,2.7062209186640567e-16,1.3642483041079532e-16
780,7.810000000000001e-10,2.8189622514970854e-16,1.4194426112756168e-16
781,7.820000000000001e-10,2.599689000684457e-16,1.3883964013820653e-16
782,7.830000000000001e-10,2.6175003417411934e-16,1.4092876914794348e-16
783,7.840000000000001e-10,2.4043257749228565e-16,1.3716995820015155e-16
784,7.850000000000001e-10,2.6287462262379764e-16,1.3488640099638474e-16
785,7.860000000000001e-10,2.554589577890764e-16,1.328269037189092e-16
786,7.870000000000001e-10,2.5628020330825575e-16,1.3508373385833428e-16
787,7.880000000000001e-10,2.5867837078919636e-16,1.3413534451873418e-16
788,7.890000000000001e-10,2.5953119116062924e-16,1.3307740577642075e-16
789,7.900000000000001e-10,2.732780426711543e-16,1.319590514365184e-16
790,7.910000000000001e-10,2.944635959879511e-16,1.3829001152143604e-16
791,7.920000000000001e-10,2.700192721630576e-16,1.3548796835755055e-16
792,7.930000000000001e-10,2.802875801156894e-16,1.3950431524647918e-16
793,7.94e-10,2.7224109195704046e-16,1.384631803969879e-16
794,7.95e-10,2.6988660294441604e-16,1.3831377428512935e-16
795,7.96e-10,2.8715171939451585e-16,1.3393689137069595e-16
796,7.97e-10,2.938507910283332e-16,1.3894811369123717e-16
797,7.98e-10,2.8241210690112895e-16,1.358987447360438e-16
798,7.99e-10,2.7923839432973217e-16,1.3373498468815408e-16
799,8e-10,2.8102053400383363e-16,1.4036691175180657e-16
800,8.01e-10,2.6612254794555047e-16,1.3597216605028255e-16
801,8.02e-10,2.9193109829583236e-16,1.395705572228599e-16
802,8.03e-10,2.7646808769580744e-16,1.3706669217702884e-16
803,8.04e-10,2.701909666348575e-16,1.398476389413294e-16
804,8.05e-10,2.842574226490534e-16,1.3956845288316835e-16
805,8.060000000000001e-10,2.7675802523388266e-16,1.4030798977124025e-16
806,8.070000000000001e-10,2.69307830538885e-16,1.3388649952645326e-16
807,8.080000000000001e-10,2.697266672282151e-16,1.3799880128368122e-16
808,8.090000000000001e-10,2.6832947473262803e-16,1.3671614336085966e-16
809,8.100000000000001e-10,2.6600661546963653e-16,1.381176014013643e-16
810,8.110000000000001e-10,2.679324242086039e-16,1.3423709913976554e-16
811,8.120000000000001e-10,2.658281140009138e-16,1.3971401904267637e-16
812,8.130000000000001e-10,2.720725977092025e-16,1.4056352294333287e-16
813,8.140000000000001e-10,2.5542121493054553e-16,1.4109868841398517e-16
814,8.150000000000001e-10,2.7290850098309523e-16,1.4000200534222294e-16
815,8.160000000000001e-10,2.6576955489204666e-16,1.396469768317758e-16
816,8.170000000000001e-10,2.786598466406498e-16,1.3729791876769436e-16
817,8.180000000000001e-10,2.800919392995769e-16,1.406978613569859e-16
818,8.190000000000001e-10,2.7111759056586205e-16,1.40313365867753e-16
819,8.200000000000001e-10,2.796216260001768e-16,1.4222301723379008e-16
820,8.210000000000001e-10,2.659965558238043e-16,1.3761397899055784e-16
821,8.220000000000001e-10,2.8822823277712144e-16,1.4127295023627026e-16
822,8.230000000000001e-10,2.845330587480309e-16,1.465524625512112e-16
823,8.24e-10,2.914016091466357e-16,1.4449030080934585e-16
824,8.25e-10,2.865901412539728e-16,1.4198696569123576e-16
825,8.26e-10,2.7254021071147907e-16,1.414006709222606e-16
826,8.27e-10,2.864039224697141e-16,1.421478527278033e-16
827,8.28e-10,2.758342198058626e-16,1.4208464420314698e-16
828,8.29e-10,2.798499163922357e-16,1.4168946981975878e-16
829,8.3e-10,2.4975758410011425e-16,1.4345097186219037e-16
830,8.31e-10,2.741250220523369e-16,1.408354777973818e-16
831,8.32e-10,2.6704327012914757e-16,1.4224212390486814e-16
832,8.33e-10,2.922477673596964e-16,1.422329078179408e-16
833,8.34e-10,2.6143416023219724e-16,1.3851804100028762e-16
834,8.350000000000001e-10,2.6854081706804725e-16,1.420182467445367e-16
835,8.360000000000001e-10,2.6343459092235326e-16,1.4457658942410045e-16
836,8.370000000000001e-10,2.681333714619245e-16,1.420493711430485e-16
837,8.380000000000001e-10,2.689532165217818e-16,1.427783236741839e-16
838,8.390000000000001e-10,2.7087967890534923e-16,1.3953214881573287e-16
839,8.400000000000001e-10,2.667368339746665e-16,1.3942794351011726e-16
840,8.410000000000001e-10,2.7974618575869467e-16,1.413163183875484e-16
841,8.420000000000001e-10,2.784421814139887e-16,1.4382593504819632e-16
842,8.430000000000001e-10,2.78144396440585e-16,1.4086377558635513e-16
843,8.440000000000001e-10,2.722807617999535e-16,1.4086560064473039e-16
844,8.450000000000001e-10,2.8140537362933255e-16,1.4760022785094756e-16
845,8.460000000000001e-10,2.791209677110536e-16,1.4218637368162248e-16
846,8.470000000000001e-10,2.7655861153721593e-16,1.434213206980708e-16
847,8.480000000000001e-10,2.7696012760746706e-16,1.4355047828830515e-16
848,8.490000000000001e-10,2.7615925176217235e-16,1.422951278987941e-16
849,8.500000000000001e-10,2.5899974199432647e-16,1.4074484736965716e-16
850,8.510000000000001e-10,2.6783604165743147e-16,1.4357712807220953e-16
851,8.520000000000001e-10,2.677588696167956e-16,1.4715990097068474e-16
852,8.530000000000001e-10,2.924396797154392e-16,1.4697565031459856e-16
853,8.54e-10,2.6687333495726536e-16,1.418979506264439e-16
854,8.55e-10,2.5086108385036303e-16,1.4011916355956114e-16
855,8.56e-10,2.6802523816419575e-16,1.4415148864374319e-16
856,8.57e-10,2.763748776746584e-16,1.3844508289380842e-16
857,8.58e-10,2.8142063066318494e-16,1.4394072488938143e-16
858,8.59e-10,2.783797359743749e-16,1.4566085906939595e-16
859,8.6e-10,2.7721216062011146e-16,1.4481564809072752e-16
860,8.61e-10,2.9441630463581796e-16,1.4784711670142538e-16
861,8.62e-10,2.766668600027874e-16,1.4539876332566362e-16
862,8.63e-10,2.7667149293514676e-16,1.4450465867514073e-16
863,8.640000000000001e-10,2.9399935337230495e-16,1.4987471388687096e-16
864,8.650000000000001e-10,2.738153362773982e-16,1.466963380219718e-16
865,8.660000000000001e-10,2.7585161644627544e-16,1.4559728041792844e-16
866,8.670000000000001e-10,2.904872641684132e-16,1.4893258295156673e-16
867,8.680000000000001e-10,2.924070064479801e-16,1.4704743296061797e-16
868,8.690000000000001e-10,2.9111895391051813e-16,1.5172206889060013e-16
869,8.700000000000001e-10,2.8743005498913685e-16,1.4658513024423195e-16
870,8.710000000000001e-10,2.9925382703338097e-16,1.4599668925516975e-16
871,8.720000000000001e-10,3.011428050219664e-16,1.463649104500661e-16
872,8.730000000000001e-10,3.0049169442280893e-16,1.4738075512229422e-16
873,8.740000000000001e-10,3.0083054222195937e-16,1.4193099161014403e-16
874,8.750000000000001e-10,2.953674304337316e-16,1.45064419301387e-16
875,8.760000000000001e-10,2.7564262148922143e-16,1.4290274685818576e-16
876,8.770000000000001e-10,2.6710808400397975e-16,1.4513400174209683e-16
877,8.780000000000001e-10,2.7816200788289958e-16,1.4560550992331516e-16
878,8.790000000000001e-10,2.956383389434095e-16,1.5134574468467715e-16
879,8.800000000000001e-10,2.751507295068182e-16,1.4600995432297106e-16
880,8.810000000000001e-10,2.818415446803789e-16,1.4863328581870794e-16
881,8.820000000000001e-10,2.97928288761432e-16,1.4947991316682785e-16
882,8.830000000000001e-10,2.7782730433579836e-16,1.4398079203794514e-16
883,8.84e-10,2.8510052514327173e-16,1.4500492586698845e-16
884,8.85e-10,2.9239796926212135e-16,1.464971844133911e-16
885,8.86e-10,3.0881738184394145e-16,1.4941588434669374e-16
886,8.87e-10,3.0437905497005834e-16,1.46898440465906e-16
887,8.88e-10,2.784716949311946e-16,1.4823509213160054e-16
888,8.89e-10,2.8728880856060406e-16,1.5014710751121002e-16
889,8.9e-10,2.661820643773825e-16,1.465557875067811e-16
890,8.91e-10,2.8875265167068293e-16,1.3969303917705358e-16
891,8.92e-10,2.8380334950490713e-16,1.4898021058094295e-16
892,8.93e-10,2.8439153439620186e-16,1.485069554897811e-16
893,8.940000000000001e-10,2.7457438220532095e-16,1.4568528627873657e-16
894,8.950000000000001e-10,2.94992944143711e-16,1.4757051797822864e-16
895,8.960000000000001e-10,2.793449056334278e-16,1.4431193285998106e-16
896,8.970000000000001e-10,2.74693480221702e-16,1.4520113800496152e-16
897,8.980000000000001e-10,2.914516882972789e-16,1.450884890371336e-16
898,8.990000000000001e-10,2.9301227651219955e-16,1.4769478854355637e-16
899,9.000000000000001e-10,2.843966036061685e-16,1.4478195252103665e-16
900,9.010000000000001e-10,3.0132300729957947e-16,1.4601661176923535e-16
901,9.020000000000001e-10,2.954191060882031e-16,1.5063662805939582e-16
902,9.030000000000001e-10,2.8737471117944755e-16,1.4729250790866541e-16
903,9.040000000000001e-10,2.8853176499369237e-16,1.4724619569779463e-16
904,9.050000000000001e-10,2.8433374923436113e-16,1.4957680277349982e-16
905,9.060000000000001e-10,2.922791881441327e-16,1.453705131836659e-16
906,9.070000000000001e-10,2.858180990192224e-16,1.4859194391049307e-16
907,9.080000000000001e-10,2.936178234106461e-16,1.4414813752821243e-16
908,9.090000000000001e-10,2.746179745206031e-16,1.443874824532679e-16
909,9.100000000000001e-10,2.8386338487561485e-16,1.4008016519708003e-16
910,9.110000000000001e-10,2.9049880362680966e-16,1.4630831078258339e-16
911,9.120000000000001e-10,2.7329773710855345e-16,1.4732697405089154e-16
912,9.130000000000001e-10,2.846893868696396e-16,1.4399595430455266e-16
913,9.14e-10,2.8771454782547066e-16,1.4765182442052855e-16
914,9.15e-10,2.91478473073928e-16,1.4762620988949872e-16
915,9.16e-10,2.884115431556171e-16,1.5001446809421352e-16
916,9.17e-10,2.8729596627128055e-16,1.496335214582585e-16
917,9.18e-10,2.8105271507079263e-16,1.4628681189747178e-16
918,9.19e-10,2.8416377636641963e-16,1.4411459743265973e-16
919,9.2e-10,2.724991255052473e-16,1.4921083190879718e-16
920,9.21e-10,2.8567576028610157e-16,1.4932878896167376e-16
921,9.22e-10,2.9555074176718205e-16,1.4846709768687405e-16
922,9.230000000000001e-10,2.963384171131604e-16,1.4534242764859104e-16
923,9.240000000000001e-10,2.6471592906518394e-16,1.4713689036114112e-16
924,9.250000000000001e-10,2.8947794642896907e-16,1.4821574372475968e-16
925,9.260000000000001e-10,2.807868064559488e-16,1.4547536019101298e-16
926,9.270000000000001e-10,2.9770674403773815e-16,1.4501775491571635e-16
927,9.280000000000001e-10,2.834305768058787e-16,1.4374872465677478e-16
928,9.290000000000001e-10,2.948234503619925e-16,1.5077130478334913e-16
929,9.300000000000001e-10,2.9433853443170523e-16,1.4721898381024448e-16
930,9.310000000000001e-10,2.901656506391413e-16,1.4793954646150512e-16
931,9.32e-10,2.892376263352554e-16,1.457194415843373e-16
932,9.33e-10,2.8431309778916635e-16,1.463052999441852e-16
933,9.34e-10,2.7511245508829898e-16,1.4441844624901289e-16
934,9.35e-10,2.8161204335770345e-16,1.4546808913688478e-16
935,9.36e-10,2.7318914203408027e-16,1.4719143372496932e-16
936,9.37e-10,2.9039918908515983e-16,1.4678817734580237e-16
937,9.38e-10,3.008729398811583e-16,1.4850237747720851e-16
938,9.390000000000002e-10,2.91835024947376e-16,1.4268811170855062e-16
939,9.4e-10,2.828030080936214e-16,1.4448535880961984e-16
940,9.410000000000002e-10,3.0130342829032154e-16,1.472152122747279e-16
941,9.42e-10,2.895927845233871e-16,1.4729022715897026e-16
942,9.430000000000002e-10,2.8381288780798855e-16,1.4561844611053533e-16
943,9.44e-10,2.814938524379326e-16,1.4423896631569e-16
944,9.450000000000001e-10,2.866498940800435e-16,1.500712544611333e-16
945,9.46e-10,2.952418610444776e-16,1.4293482922469683e-16
946,9.470000000000001e-10,3.0276128854326695e-16,1.454176140045116e-16
947,9.48e-10,2.8645298647735006e-16,1.5048413159282894e-16
948,9.490000000000001e-10,3.002642369340648e-16,1.4837974028693667e-16
949,9.5e-10,2.9560113161913573e-16,1.4379276420728426e-16
950,9.510000000000001e-10,2.9706537309331635e-16,1.460906266355157e-16
951,9.52e-10,3.0230848243265337e-16,1.4735453913458948e-16
952,9.530000000000001e-10,3.1439155910205736e-16,1.5086732596891075e-16
953,9.54e-10,2.952917776958894e-16,1.4764324248011454e-16
954,9.550000000000001e-10,2.798797017005598e-16,1.438749869813564e-16
955,9.56e-10,2.9930382914442686e-16,1.4738538748364482e-16
956,9.570000000000001e-10,2.846971863579435e-16,1.458586288844187e-16
957,9.58e-10,2.881088080506393e-16,1.4760292914243733e-16
958,9.59e-10,2.7733134831767126e-16,1.4715779476685012e-16
959,9.6e-10,2.9223073877675223e-16,1.4727109329345942e-16
960,9.61e-10,3.066368175786271e-16,1.4603303892085763e-16
961,9.62e-10,2.9580555386212473e-16,1.4844501692587582e-16
962,9.63e-10,2.9426231509029115e-16,1.4703375609860449e-16
963,9.64e-10,2.9169672913566383e-16,1.4897551650719166e-16
964,9.65e-10,2.920025893767063e-16,1.4360226938556925e-16
965,9.66e-10,2.7481029462508135e-16,1.5086557646457096e-16
966,9.67e-10,2.8132713908592094e-16,1.4569818303248098e-16
967,9.680000000000002e-10,2.865758606318952e-16,1.497290142370566e-16
968,9.69e-10,3.0361461192902354e-16,1.5184715010887394e-16
969,9.700000000000002e-10,2.8569405958757767e-16,1.4772807808909003e-16
970,9.71e-10,2.7983053445123365e-16,1.497988953176738e-16
971,9.720000000000002e-10,2.869317625493128e-16,1.5371312169459655e-16
972,9.73e-10,2.911634784118733e-16,1.506975240825886e-16
973,9.740000000000002e-10,3.027847760235558e-16,1.4940032541418855e-16
974,9.75e-10,2.739206465047136e-16,1.5049248040540114e-16
975,9.760000000000001e-10,2.908811191763277e-16,1.489680492313032e-16
976,9.77e-10,2.919651985236698e-16,1.515105949399165e-16
977,9.780000000000001e-10,2.8301793880615545e-16,1.508918281358248e-16
978,9.79e-10,2.896815378452399e-16,1.5051362443447835e-16
979,9.800000000000001e-10,2.7946439318414273e-16,1.471713306119794e-16
980,9.81e-10,2.7564568405278803e-16,1.4885153262334404e-16
981,9.820000000000001e-10,2.8349142569581657e-16,1.509210512466857e-16
982,9.83e-10,2.9497855918660264e-16,1.5099649856472239e-16
983,9.840000000000001e-10,2.9957221204341485e-16,1.5190319050641338e-16
984,9.85e-10,2.86077480299883e-16,1.4862288595165664e-16
985,9.860000000000001e-10,2.904794932327002e-16,1.4837830493646444e-16
986,9.87e-10,2.7882481167578426e-16,1.4748930720616907e-16
987,9.880000000000001e-10,2.746180233649729e-16,1.5265231733949826e-16
988,9.89e-10,2.789049301512373e-16,1.47136900004787e-16
989,9.9e-10,2.83990049830471e-16,1.4940691025979897e-16
990,9.91e-10,2.766373693283259e-16,1.5035031742236473e-16
991,9.92e-10,2.779854127482332e-16,1.4690168661256424e-16
992,9.93e-10,2.998364829907572e-16,1.484254799151254e-16
993,9.94e-10,2.838901684237899e-16,1.4685264113853982e-16
994,9.95e-10,2.9275372219834333e-16,1.5038621821984014e-16
995,9.96e-10,2.8984526938846066e-16,1.486158656644948e-16
996,9.970000000000002e-10,2.9605328907243575e-16,1.5190028144117264e-16
997,9.98e-10,2.86473712020673e-16,1.5094756060973555e-16
998,9.990000000000002e-10,2.9216248634881883e-16,1.5189550455814738e-16
999,1e-09,2.992359552824336e-16,1.5039782831612676e-16
