,Time,BUT,DMA
0,1e-12,1.1839910899667242e-16,8.34041900890384e-17
1,2e-12,1.9234175804988712e-16,1.0792043205765774e-16
2,3e-12,2.628723014629121e-16,1.4619363249383895e-16
3,4e-12,2.287582037209222e-16,1.3812368987502088e-16
4,5.0000000000000005e-12,2.2194345330142217e-16,1.4343436529162218e-16
5,6e-12,2.2259289511050586e-16,1.4295865353864874e-16
6,7.000000000000001e-12,2.2854455688908657e-16,1.3888244573003245e-16
7,8e-12,2.506856072538651e-16,1.7895765944522891e-16
8,9.000000000000001e-12,2.480278259180409e-16,1.6228135890707589e-16
9,1.0000000000000001e-11,2.3862545506042544e-16,2.0314651363934093e-16
10,1.1e-11,2.2119921632449644e-16,1.973926290827529e-16
11,1.2e-11,2.7540972281189127e-16,2.0464002824921143e-16
12,1.3e-11,2.937420504146008e-16,2.1021310967469213e-16
13,1.4000000000000002e-11,2.983506593908097e-16,2.0214037388423856e-16
14,1.5e-11,2.4770787660541465e-16,2.0534112892693417e-16
15,1.6e-11,2.7947304695823777e-16,1.9705893689497187e-16
16,1.7000000000000003e-11,3.1161414325636545e-16,2.0801568993932438e-16
17,1.8000000000000002e-11,3.547765710817915e-16,2.2330539197064225e-16
18,1.9000000000000002e-11,3.8429075141565846e-16,2.4340682685993954e-16
19,2.0000000000000002e-11,2.9565669919380093e-16,2.266696458797826e-16
20,2.1000000000000002e-11,3.846881059227389e-16,2.511124495196625e-16
21,2.2e-11,4.69786073491105e-16,2.6147422284441314e-16
22,2.3e-11,4.3075863643555884e-16,2.506178310361794e-16
23,2.4e-11,4.489330048594429e-16,2.8086771664311856e-16
24,2.5e-11,4.487348139096046e-16,2.81535352347823e-16
25,2.6e-11,4.375580402499619e-16,2.5840237884645046e-16
26,2.7000000000000004e-11,4.930253274619378e-16,2.7497073841977437e-16
27,2.8000000000000003e-11,5.128157335630826e-16,2.8245940787018256e-16
28,2.9000000000000003e-11,4.780721996892046e-16,2.9070063561419483e-16
29,3e-11,4.652990894779632e-16,2.763140222904641e-16
30,3.1e-11,5.286324579696277e-16,3.0155343607314726e-16
31,3.2e-11,4.54633606098479e-16,2.9108424554970354e-16
32,3.3e-11,4.593408396588711e-16,2.8236421822032684e-16
33,3.4000000000000005e-11,4.951868279804442e-16,2.995752962771435e-16
34,3.5e-11,4.76798850251351e-16,2.98588831971754e-16
35,3.6000000000000005e-11,4.863473983613705e-16,3.205728041777209e-16
36,3.7e-11,4.822531009383809e-16,2.7099600620342727e-16
37,3.8000000000000004e-11,4.3448749717126598e-16,2.999438573411706e-16
38,3.9e-11,4.3466153180824256e-16,2.813935516342312e-16
39,4.0000000000000004e-11,5.075729933218372e-16,2.6274370114217103e-16
40,4.1e-11,5.076877426827017e-16,3.107630714154252e-16
41,4.2000000000000004e-11,4.849296338557054e-16,2.974996648309549e-16
42,4.3e-11,4.592693258780538e-16,3.3353412747629686e-16
43,4.4e-11,4.449460857622281e-16,3.0722327899752443e-16
44,4.5000000000000006e-11,5.071326188584268e-16,2.9482335275072e-16
45,4.6e-11,5.312599785428315e-16,3.098256763640235e-16
46,4.7000000000000006e-11,5.421270734476185e-16,2.990926344872371e-16
47,4.8e-11,5.930153832569945e-16,3.3262007760654454e-16
48,4.9000000000000005e-11,6.0360511757432e-16,3.4617512491460366e-16
49,5e-11,5.713212938169251e-16,3.114911348260149e-16
50,5.1000000000000005e-11,5.811771280849628e-16,3.230195859855668e-16
51,5.2e-11,5.974532265582833e-16,3.4176425451507106e-16
52,5.3000000000000004e-11,6.155117344681608e-16,3.550958265378064e-16
53,5.400000000000001e-11,5.835341242968068e-16,3.2690205081760204e-16
54,5.5000000000000004e-11,6.343684811403334e-16,3.0709693689538935e-16
55,5.600000000000001e-11,6.455206580870824e-16,3.5169492069909717e-16
56,5.7000000000000003e-11,6.611417717089102e-16,3.914028198173263e-16
57,5.8000000000000007e-11,6.912743903554569e-16,3.8670750684499753e-16
58,5.9e-11,6.72122444037439e-16,3.6199738151882476e-16
59,6e-11,6.763554890318523e-16,3.772190983055692e-16
60,6.100000000000001e-11,6.555311930594141e-16,3.7491684990770363e-16
61,6.2e-11,6.456022571002453e-16,3.762051729281173e-16
62,6.3e-11,6.717387441926124e-16,3.943921667625652e-16
63,6.4e-11,6.774898476786939e-16,3.7994286867921294e-16
64,6.500000000000001e-11,7.070583660735478e-16,3.875901933852984e-16
65,6.6e-11,7.341225056310467e-16,4.410362723046452e-16
66,6.7e-11,7.549078499998954e-16,4.640981973193132e-16
67,6.800000000000001e-11,8.136589185709315e-16,4.538491246648875e-16
68,6.900000000000001e-11,8.084325683873166e-16,4.790814306267156e-16
69,7e-11,8.254145998299139e-16,4.995045764670806e-16
70,7.1e-11,8.591925603260554e-16,4.851887998024736e-16
71,7.200000000000001e-11,8.806262160292472e-16,5.222842895910305e-16
72,7.3e-11,8.619115596431933e-16,4.900676353627037e-16
73,7.4e-11,8.259076792376284e-16,5.253106844956552e-16
74,7.5e-11,8.709905190534277e-16,5.118688423002569e-16
75,7.600000000000001e-11,9.183779511104938e-16,5.040326751244664e-16
76,7.7e-11,8.672775201106526e-16,4.707130862005905e-16
77,7.8e-11,8.454373237431633e-16,4.832029901053188e-16
78,7.900000000000001e-11,8.551808272369274e-16,5.44347856259221e-16
79,8.000000000000001e-11,8.552059296149777e-16,5.108186839783595e-16
80,8.1e-11,8.974395525176536e-16,5.18352770416002e-16
81,8.2e-11,9.23868181221034e-16,5.180282719065015e-16
82,8.300000000000001e-11,9.152364894723468e-16,5.426572857477062e-16
83,8.400000000000001e-11,9.456747021986147e-16,5.262362487786186e-16
84,8.5e-11,9.01545460067588e-16,5.033465944546997e-16
85,8.6e-11,9.16396294699722e-16,5.292753039252336e-16
86,8.700000000000001e-11,8.617417660135569e-16,4.98924646860478e-16
87,8.8e-11,9.549206821152546e-16,5.216248910077943e-16
88,8.9e-11,9.761340238043172e-16,5.287254769687991e-16
89,9.000000000000001e-11,1.0029498672678695e-15,5.525883894625118e-16
90,9.100000000000001e-11,9.892937687257477e-16,5.285482450722183e-16
91,9.2e-11,1.1063084192823858e-15,5.701311057694182e-16
92,9.3e-11,1.0940411787259645e-15,5.698626137093838e-16
93,9.400000000000001e-11,1.0475313073235396e-15,5.603420633115066e-16
94,9.500000000000001e-11,1.0571674003953734e-15,5.59310911942156e-16
95,9.6e-11,1.0468963552473475e-15,5.607472894373938e-16
96,9.7e-11,1.0681966260863687e-15,5.808696830748668e-16
97,9.800000000000001e-11,1.100028416524994e-15,5.647015012768878e-16
98,9.900000000000001e-11,1.1483316172441375e-15,6.103827574887124e-16
99,1e-10,1.1450044121967576e-15,5.717129896522152e-16
100,1.0100000000000001e-10,1.1980114455713998e-15,5.954067886727234e-16
101,1.0200000000000001e-10,1.1475607156174487e-15,6.336244979458065e-16
102,1.03e-10,1.1860269525097815e-15,6.090895596688387e-16
103,1.04e-10,1.219346214798313e-15,6.219285477116821e-16
104,1.0500000000000001e-10,1.132452922528392e-15,6.025150988411612e-16
105,1.0600000000000001e-10,1.1127746627948142e-15,5.875271599456411e-16
106,1.07e-10,1.1455831707841928e-15,5.787258012907189e-16
107,1.0800000000000001e-10,1.133609137928211e-15,6.112999019969133e-16
108,1.0900000000000001e-10,1.1102025913817407e-15,5.78764476035867e-16
109,1.1000000000000001e-10,1.1336014319500547e-15,5.623654150438496e-16
110,1.11e-10,1.1595989915485893e-15,5.904251733292938e-16
111,1.1200000000000001e-10,1.1817315271663743e-15,6.2248997741352e-16
112,1.1300000000000001e-10,1.1580103553011046e-15,5.808409182112605e-16
113,1.1400000000000001e-10,1.1141023697188769e-15,5.742920179563481e-16
114,1.15e-10,1.0889628392907373e-15,5.270504683502433e-16
115,1.1600000000000001e-10,1.0786199484100502e-15,6.003964837689185e-16
116,1.17e-10,1.1037780847130636e-15,5.727109005653294e-16
117,1.18e-10,1.1366875852592003e-15,5.66094910364363e-16
118,1.19e-10,1.1487012132847418e-15,5.687453916229081e-16
119,1.2e-10,1.2061313079107122e-15,5.933799753110857e-16
120,1.2100000000000002e-10,1.1782833130430162e-15,6.039688788272966e-16
121,1.2200000000000002e-10,1.197885116713844e-15,5.843469062745908e-16
122,1.2300000000000001e-10,1.144953306322469e-15,6.144871300383532e-16
123,1.24e-10,1.102565500872977e-15,6.236314155513641e-16
124,1.25e-10,1.089060027722736e-15,6.11242984362871e-16
125,1.26e-10,1.0968578990487963e-15,5.944638162017322e-16
126,1.27e-10,1.143005652856159e-15,6.451633416166518e-16
127,1.28e-10,1.1218596318908315e-15,6.338097420645695e-16
128,1.2900000000000002e-10,1.070150485622464e-15,6.462514083546658e-16
129,1.3000000000000002e-10,1.1663738977534404e-15,6.916933853373278e-16
130,1.31e-10,1.1461586384263607e-15,6.523528930549461e-16
131,1.32e-10,1.1324913993033537e-15,6.247268259025897e-16
132,1.33e-10,1.1869965834736312e-15,6.221532039837668e-16
133,1.34e-10,1.1863891107330595e-15,6.861012810140566e-16
134,1.35e-10,1.2045829536380768e-15,6.479274352036508e-16
135,1.3600000000000002e-10,1.2126908903039308e-15,6.508138121785424e-16
136,1.3700000000000002e-10,1.1741358467328416e-15,6.250575623483338e-16
137,1.3800000000000001e-10,1.1816799811249712e-15,6.521527124323312e-16
138,1.39e-10,1.2234334064208316e-15,6.916246614474208e-16
139,1.4e-10,1.20891238423662e-15,6.588744353558861e-16
140,1.41e-10,1.2333600188938072e-15,6.719827621260331e-16
141,1.42e-10,1.2792854082634424e-15,6.899941864618317e-16
142,1.4300000000000002e-10,1.2089633192458145e-15,6.644161117663396e-16
143,1.4400000000000002e-10,1.2114194699871455e-15,7.094556526748771e-16
144,1.4500000000000002e-10,1.1996452506274895e-15,6.894249191587874e-16
145,1.46e-10,1.3111452438415963e-15,7.045041409228106e-16
146,1.47e-10,1.2534231834213014e-15,7.617173700835627e-16
147,1.48e-10,1.236018448163997e-15,6.932015553397107e-16
148,1.49e-10,1.269504103969536e-15,7.253054036750242e-16
149,1.5e-10,1.2685229374708412e-15,7.002964765883e-16
150,1.5100000000000002e-10,1.259815626344692e-15,6.800748809014298e-16
151,1.5200000000000002e-10,1.261130071501651e-15,7.20551577662624e-16
152,1.5300000000000001e-10,1.2932056569979267e-15,7.43179312753117e-16
153,1.54e-10,1.4219651038021922e-15,7.423236563037692e-16
154,1.55e-10,1.388715663195373e-15,7.56811219501942e-16
155,1.56e-10,1.4060410339441808e-15,7.650094361285572e-16
156,1.57e-10,1.3415824486460072e-15,7.101722479856366e-16
157,1.5800000000000002e-10,1.3476721446776885e-15,7.035439866015252e-16
158,1.5900000000000002e-10,1.3531581808168215e-15,6.861480254707697e-16
159,1.6000000000000002e-10,1.356484853748465e-15,7.308256350343542e-16
160,1.61e-10,1.3515684306087072e-15,7.039152474421666e-16
161,1.62e-10,1.3811890975126439e-15,6.829964969368284e-16
162,1.63e-10,1.2834844708425858e-15,7.085795796235094e-16
163,1.64e-10,1.271737257950805e-15,7.280355786039412e-16
164,1.6500000000000002e-10,1.3131634426580508e-15,7.018415274095477e-16
165,1.6600000000000002e-10,1.3238888813050439e-15,6.74589696334985e-16
166,1.6700000000000002e-10,1.3748651362745567e-15,6.605150063335913e-16
167,1.6800000000000001e-10,1.3273279098470231e-15,6.989186300291693e-16
168,1.69e-10,1.2758342512691509e-15,6.870854691252835e-16
169,1.7e-10,1.2851934804249511e-15,6.95450616525523e-16
170,1.71e-10,1.3813191475857899e-15,7.081815155277947e-16
171,1.72e-10,1.2373313538845066e-15,6.573670161340347e-16
172,1.7300000000000002e-10,1.3232945188657748e-15,6.809119703930095e-16
173,1.7400000000000002e-10,1.2970415940017097e-15,6.850668405216687e-16
174,1.7500000000000002e-10,1.3827183807360427e-15,6.969814019609691e-16
175,1.76e-10,1.370736886584452e-15,6.795572889360452e-16
176,1.77e-10,1.2966423140855494e-15,6.634206786639094e-16
177,1.78e-10,1.3949874406240867e-15,7.003807249369448e-16
178,1.79e-10,1.416757338060019e-15,6.881236283347931e-16
179,1.8000000000000002e-10,1.4578213442807332e-15,7.397375981709889e-16
180,1.8100000000000002e-10,1.4776230568850705e-15,6.882975510802308e-16
181,1.8200000000000002e-10,1.3673785632581989e-15,7.200309295775255e-16
182,1.8300000000000001e-10,1.4724744055946385e-15,7.384862382746102e-16
183,1.84e-10,1.442283659944476e-15,7.25553765238903e-16
184,1.85e-10,1.3992919330761098e-15,7.253672740546333e-16
185,1.86e-10,1.4268872085587398e-15,7.279371063071073e-16
186,1.8700000000000003e-10,1.4414241305829233e-15,7.971488423196054e-16
187,1.8800000000000002e-10,1.4609811373462361e-15,8.074499105377588e-16
188,1.8900000000000002e-10,1.464263347154997e-15,7.154836215261593e-16
189,1.9000000000000002e-10,1.5087165574145691e-15,7.576914968983721e-16
190,1.91e-10,1.489871323444045e-15,7.410903706316362e-16
191,1.92e-10,1.4726066912600253e-15,7.288044492701075e-16
192,1.93e-10,1.4193080372796845e-15,7.444782877750065e-16
193,1.94e-10,1.5715054697011653e-15,7.228837666858756e-16
194,1.9500000000000002e-10,1.5763742093315945e-15,7.147643953547212e-16
195,1.9600000000000002e-10,1.5857255710049112e-15,7.142141514646406e-16
196,1.9700000000000002e-10,1.6166362139023392e-15,7.516137982136588e-16
197,1.9800000000000001e-10,1.6401276462020654e-15,7.9241680312905085e-16
198,1.99e-10,1.7308383088705853e-15,8.196122712298411e-16
199,2e-10,1.5898845494227793e-15,8.057588983485178e-16
200,2.01e-10,1.6047351392288131e-15,7.490473221311826e-16
201,2.0200000000000003e-10,1.5630848697577073e-15,7.321473414831739e-16
202,2.0300000000000002e-10,1.6766531433446594e-15,8.018952180879502e-16
203,2.0400000000000002e-10,1.7075459549625254e-15,8.02653070194181e-16
204,2.0500000000000002e-10,1.572976658647553e-15,7.800719175565081e-16
205,2.06e-10,1.701520053234642e-15,8.02425661588141e-16
206,2.07e-10,1.6771167418884249e-15,7.569322447182644e-16
207,2.08e-10,1.6998096541412424e-15,7.653877855929071e-16
208,2.0900000000000003e-10,1.6359431547121245e-15,7.809979385516004e-16
209,2.1000000000000002e-10,1.701431816044093e-15,8.073558344653408e-16
210,2.1100000000000002e-10,1.631610210383286e-15,7.800369128948853e-16
211,2.1200000000000002e-10,1.5336643541025723e-15,7.609407261685926e-16
212,2.1300000000000001e-10,1.6513022683634304e-15,8.208040441514976e-16
213,2.14e-10,1.5964769012233363e-15,8.383018181823088e-16
214,2.15e-10,1.591538942556873e-15,8.019740566453365e-16
215,2.1600000000000003e-10,1.667491321061863e-15,8.289551651697058e-16
216,2.1700000000000003e-10,1.6422518118427752e-15,7.998771027724844e-16
217,2.1800000000000002e-10,1.6799629703397076e-15,8.04595731822607e-16
218,2.1900000000000002e-10,1.7521959181121571e-15,8.377798459797518e-16
219,2.2000000000000002e-10,1.7097829342767015e-15,8.264194820018843e-16
220,2.21e-10,1.7560033837611327e-15,8.630506136485992e-16
221,2.22e-10,1.779065912323371e-15,8.276438407399733e-16
222,2.23e-10,1.6896164954553481e-15,8.452824325346205e-16
223,2.2400000000000003e-10,1.7163849984844828e-15,8.578164428049942e-16
224,2.2500000000000002e-10,1.6835862684902903e-15,8.626570783353163e-16
225,2.2600000000000002e-10,1.8061855250127317e-15,8.706369168703379e-16
226,2.2700000000000002e-10,1.833493737507213e-15,8.70991558932713e-16
227,2.2800000000000001e-10,1.810963503404307e-15,8.942809186839854e-16
228,2.29e-10,1.7408580567065828e-15,8.577616979940658e-16
229,2.3e-10,1.6641959470299945e-15,8.082147288112883e-16
230,2.3100000000000003e-10,1.7197253980751132e-15,8.198589174741574e-16
231,2.3200000000000003e-10,1.722107284197253e-15,8.478989513937379e-16
232,2.33e-10,1.6693609404369591e-15,8.758288545032788e-16
233,2.34e-10,1.6966182072481083e-15,8.44023110663921e-16
234,2.35e-10,1.729750473400307e-15,8.384562473152125e-16
235,2.36e-10,1.7245888502456267e-15,8.640131457980279e-16
236,2.37e-10,1.8419137122069485e-15,9.126198378061509e-16
237,2.38e-10,1.8890741981067368e-15,8.900989837619619e-16
238,2.39e-10,1.837610225779225e-15,8.845189372014899e-16
239,2.4e-10,1.8733786693525467e-15,9.238026411757162e-16
240,2.41e-10,1.880364921829977e-15,9.31370441376201e-16
241,2.4200000000000004e-10,1.8477618263379727e-15,9.324552759030063e-16
242,2.4300000000000004e-10,1.9558716220281835e-15,9.562021783251085e-16
243,2.4400000000000004e-10,1.9344458715755754e-15,9.889087554858495e-16
244,2.4500000000000003e-10,1.8911035717711797e-15,9.604900711215657e-16
245,2.4600000000000003e-10,1.884558771089369e-15,9.968336174619603e-16
246,2.4700000000000003e-10,1.8806658239245615e-15,1.007976066499595e-15
247,2.48e-10,1.9604041338092268e-15,9.752987266835675e-16
248,2.49e-10,1.9064313165629424e-15,1.0021032320767289e-15
249,2.5e-10,1.93744292173318e-15,9.41966469667993e-16
250,2.51e-10,2.0055764060936188e-15,9.508849181408583e-16
251,2.52e-10,1.9684319074810807e-15,9.361616923851905e-16
252,2.53e-10,2.0054721507520908e-15,9.816674221116914e-16
253,2.54e-10,2.0204164526368856e-15,9.951747174947922e-16
254,2.55e-10,1.9220633862310515e-15,9.312904821049713e-16
255,2.56e-10,1.9490250705826575e-15,9.277841336713976e-16
256,2.5700000000000004e-10,1.9548408437643554e-15,9.430185262614728e-16
257,2.5800000000000004e-10,1.940901668654412e-15,9.697160427023072e-16
258,2.5900000000000004e-10,1.9973219290038307e-15,9.227447737692153e-16
259,2.6000000000000003e-10,1.9048503118070797e-15,9.746935297420597e-16
260,2.6100000000000003e-10,1.9723301633015547e-15,1.0029139164400382e-15
261,2.62e-10,1.9849308675381607e-15,9.9977196015211e-16
262,2.63e-10,1.9728339951144095e-15,9.94043903010484e-16
263,2.64e-10,1.976127509925893e-15,9.781900654632215e-16
264,2.65e-10,1.9430301331590297e-15,9.786551477708293e-16
265,2.66e-10,1.920911225308022e-15,9.54144266529989e-16
266,2.67e-10,1.984288617604142e-15,9.437736248306113e-16
267,2.68e-10,1.9530736100386417e-15,9.49324637370582e-16
268,2.69e-10,2.0011166959399608e-15,1.0192597285402752e-15
269,2.7e-10,1.942489958536149e-15,1.0087884582032096e-15
270,2.7100000000000005e-10,1.979118631666931e-15,1.0228336126192444e-15
271,2.7200000000000004e-10,1.9943499945730998e-15,1.0013825564602396e-15
272,2.7300000000000004e-10,1.9758342595024513e-15,9.65348142774121e-16
273,2.7400000000000004e-10,1.9522549070373154e-15,9.871023096532976e-16
274,2.7500000000000003e-10,1.942483156219409e-15,9.65664285560241e-16
275,2.7600000000000003e-10,1.9519012989942183e-15,9.71770954419336e-16
276,2.77e-10,1.946840235653911e-15,1.0252681196357746e-15
277,2.78e-10,1.8834411285280387e-15,9.59215910790553e-16
278,2.79e-10,1.9736562301184e-15,9.856162321313195e-16
279,2.8e-10,1.9810543776000786e-15,9.48851441296323e-16
280,2.81e-10,2.041083303996429e-15,9.944658945527893e-16
281,2.82e-10,1.994844542968757e-15,9.561321070973378e-16
282,2.83e-10,1.9969947867660462e-15,9.602531722708353e-16
283,2.84e-10,2.048870474418297e-15,1.0313775985083148e-15
284,2.85e-10,2.0127960979285213e-15,9.85956477204983e-16
285,2.8600000000000005e-10,2.0082970929956473e-15,9.784939729183749e-16
286,2.8700000000000004e-10,2.019079984169054e-15,1.0024572998761676e-15
287,2.8800000000000004e-10,1.953317678506852e-15,1.0073716676300784e-15
288,2.8900000000000004e-10,1.9772179111158045e-15,9.651311283775983e-16
289,2.9000000000000003e-10,2.0597661010485755e-15,9.687296430808033e-16
290,2.9100000000000003e-10,2.0661905334604023e-15,1.0123834516055188e-15
291,2.92e-10,2.0171091047050843e-15,1.0603923615679029e-15
292,2.93e-10,2.1183203587796436e-15,1.0547635575976047e-15
293,2.94e-10,2.1778790135591617e-15,1.0612151611511218e-15
294,2.95e-10,1.974841761367043e-15,1.0330298030185636e-15
295,2.96e-10,2.057222867419508e-15,1.0832790131766388e-15
296,2.97e-10,2.0296456939739288e-15,1.0867776216313724e-15
297,2.98e-10,2.105126055796238e-15,1.1022096907100528e-15
298,2.99e-10,2.0272203802803495e-15,1.08781755539444e-15
299,3e-10,2.052225149606366e-15,1.1014522517999273e-15
300,3.0100000000000005e-10,2.0529414163629445e-15,1.0897403842007419e-15
301,3.0200000000000004e-10,2.0526542559097802e-15,1.1291646112282396e-15
302,3.0300000000000004e-10,2.0558749194400854e-15,1.0914623972223866e-15
303,3.0400000000000004e-10,2.081448363905916e-15,1.1084312071623503e-15
304,3.0500000000000003e-10,2.0721488153206654e-15,1.087885883925977e-15
305,3.0600000000000003e-10,1.9003340178795773e-15,1.078487441152202e-15
306,3.07e-10,1.9831914990743154e-15,1.0960495548951568e-15
307,3.08e-10,1.9020213041987534e-15,1.0637937739539107e-15
308,3.09e-10,2.0020122365193023e-15,1.044618755554607e-15
309,3.1e-10,1.991546693460087e-15,1.0368992549824866e-15
310,3.11e-10,1.9695150244230557e-15,1.0891337475309783e-15
311,3.12e-10,1.9117346386415054e-15,1.0505652177760188e-15
312,3.13e-10,2.093838906738117e-15,1.0607075447309504e-15
313,3.14e-10,1.9986443294710168e-15,1.1101800111446518e-15
314,3.1500000000000005e-10,1.9600413128047953e-15,1.0874855406670417e-15
315,3.1600000000000005e-10,1.855426640481464e-15,1.0343395379860873e-15
316,3.1700000000000004e-10,1.9769611542101257e-15,1.0923123522964044e-15
317,3.1800000000000004e-10,1.9067579472364276e-15,1.057244068390652e-15
318,3.1900000000000004e-10,1.931420343280147e-15,1.0758630346365774e-15
319,3.2000000000000003e-10,1.8402426948328727e-15,1.1124453175199976e-15
320,3.2100000000000003e-10,1.9164325281393085e-15,1.17242856660114e-15
321,3.22e-10,1.844393873120348e-15,1.1449488156407815e-15
322,3.23e-10,1.9301290358365722e-15,1.139756839857327e-15
323,3.24e-10,1.82742822743253e-15,1.1299508621399447e-15
324,3.25e-10,1.846135722993497e-15,1.1142446530055065e-15
325,3.26e-10,1.815428185890909e-15,1.1255189810631879e-15
326,3.27e-10,1.9169569235180243e-15,1.123476173729785e-15
327,3.28e-10,2.0128610727296176e-15,1.117783807886909e-15
328,3.29e-10,1.9180640942410487e-15,1.1156024157581081e-15
329,3.3000000000000005e-10,1.9282789126951394e-15,1.1098918297028712e-15
330,3.3100000000000005e-10,1.8901656207073255e-15,1.1186179094833574e-15
331,3.3200000000000004e-10,1.9665542769831545e-15,1.1610556664898918e-15
332,3.3300000000000004e-10,1.842497670016902e-15,1.1424512277601618e-15
333,3.3400000000000004e-10,1.943206087722188e-15,1.1608077096407096e-15
334,3.3500000000000003e-10,1.9857308786866687e-15,1.1555109134896062e-15
335,3.3600000000000003e-10,2.048382690921424e-15,1.2191154881292321e-15
336,3.37e-10,1.980845027072691e-15,1.1467128002944393e-15
337,3.38e-10,2.0418978809019783e-15,1.2212359465631116e-15
338,3.39e-10,2.0693438388927256e-15,1.207832936620362e-15
339,3.4e-10,1.9504166187851046e-15,1.2022601215851033e-15
340,3.41e-10,2.0035784301371088e-15,1.1938138628493996e-15
341,3.42e-10,1.9811336128906168e-15,1.192518658867693e-15
342,3.43e-10,1.942352391209329e-15,1.18490461437807e-15
343,3.44e-10,2.0070016798419803e-15,1.1726615738290323e-15
344,3.4500000000000005e-10,2.0934542584811913e-15,1.1850694123753494e-15
345,3.4600000000000005e-10,1.967911883346226e-15,1.1366474976860508e-15
346,3.4700000000000004e-10,1.910265538928192e-15,1.2036809393264718e-15
347,3.4800000000000004e-10,1.9569040225541324e-15,1.2034240692294998e-15
348,3.4900000000000004e-10,2.003269024155924e-15,1.2528877325207722e-15
349,3.5000000000000003e-10,1.964375456266151e-15,1.1995216014055047e-15
350,3.5100000000000003e-10,1.9324775321762584e-15,1.2297836727601061e-15
351,3.52e-10,1.9427056092174255e-15,1.2345969708310712e-15
352,3.53e-10,1.9363977626166616e-15,1.241551918130274e-15
353,3.54e-10,1.9766638774266546e-15,1.2389941213907277e-15
354,3.55e-10,1.992178125915033e-15,1.237927077633201e-15
355,3.56e-10,1.97919614564451e-15,1.304492429906127e-15
356,3.57e-10,2.060619501798097e-15,1.3123455061022956e-15
357,3.58e-10,2.072734536719426e-15,1.2549120810514742e-15
358,3.5900000000000005e-10,2.1182480126144862e-15,1.2594679799139646e-15
359,3.6000000000000005e-10,2.1846044581872773e-15,1.2259363155811856e-15
360,3.6100000000000005e-10,2.105962074200313e-15,1.2102895046948304e-15
361,3.6200000000000004e-10,2.036648133942934e-15,1.2353186555623483e-15
362,3.6300000000000004e-10,2.063254307889364e-15,1.193279129901712e-15
363,3.6400000000000004e-10,2.0386216531353613e-15,1.250727219009348e-15
364,3.6500000000000003e-10,2.0193744770953415e-15,1.262808230169866e-15
365,3.6600000000000003e-10,2.0230506712467563e-15,1.2876805330764356e-15
366,3.67e-10,2.017068459686007e-15,1.2278143309649804e-15
367,3.68e-10,1.834216497656262e-15,1.2588938683498124e-15
368,3.69e-10,1.893315048972505e-15,1.2059392277122775e-15
369,3.7e-10,2.0143375017672338e-15,1.2870060114094086e-15
370,3.71e-10,2.0835382206304567e-15,1.266519787950426e-15
371,3.72e-10,1.974725160181968e-15,1.1889641138924256e-15
372,3.73e-10,1.908015212031143e-15,1.2014262361024684e-15
373,3.7400000000000005e-10,1.883673451334771e-15,1.1728026721758475e-15
374,3.7500000000000005e-10,1.9311183086785515e-15,1.1918476595352892e-15
375,3.7600000000000005e-10,1.964287442879357e-15,1.2002267905567174e-15
376,3.7700000000000004e-10,2.0049134743576454e-15,1.179935778678884e-15
377,3.7800000000000004e-10,1.9720351269692643e-15,1.186675124383845e-15
378,3.7900000000000004e-10,2.043747086396649e-15,1.1318107196892356e-15
379,3.8000000000000003e-10,1.9995751635810736e-15,1.1856802349512596e-15
380,3.8100000000000003e-10,2.0064570390307448e-15,1.1541160681758558e-15
381,3.82e-10,2.0067325316304443e-15,1.1718778271943036e-15
382,3.83e-10,2.024952454425223e-15,1.1970585651991992e-15
383,3.84e-10,2.044706748780397e-15,1.167724986774123e-15
384,3.85e-10,2.150738365611714e-15,1.1813653720562227e-15
385,3.86e-10,2.0478970585296443e-15,1.209642730914142e-15
386,3.87e-10,1.9731243274435412e-15,1.1989543327693314e-15
387,3.88e-10,2.0690499608640358e-15,1.2297359895856099e-15
388,3.8900000000000005e-10,2.020070822720117e-15,1.1467468038861546e-15
389,3.9000000000000005e-10,2.054891945390746e-15,1.232860458703467e-15
390,3.9100000000000005e-10,1.977081049835156e-15,1.2162940458926351e-15
391,3.9200000000000004e-10,1.9790466271021675e-15,1.2049240240237792e-15
392,3.9300000000000004e-10,2.0334988651301374e-15,1.203158294176926e-15
393,3.9400000000000004e-10,1.9197972036344864e-15,1.1439220985648063e-15
394,3.9500000000000003e-10,1.9254494445025568e-15,1.2044460320364395e-15
395,3.9600000000000003e-10,1.940542000827531e-15,1.2037954448695494e-15
396,3.97e-10,1.8908002313639932e-15,1.1626394145530091e-15
397,3.98e-10,1.988692184744959e-15,1.2110685055638624e-15
398,3.99e-10,1.8414319535687674e-15,1.154877390378842e-15
399,4e-10,1.9617865180768294e-15,1.1622262724804026e-15
400,4.01e-10,1.9619571771048207e-15,1.1788070766757643e-15
401,4.02e-10,2.0765422739501322e-15,1.1740269695903398e-15
402,4.0300000000000006e-10,1.968399044636566e-15,1.184629898544823e-15
403,4.0400000000000005e-10,1.9596984751089296e-15,1.201341831890901e-15
404,4.0500000000000005e-10,1.901664636050253e-15,1.2009243838484899e-15
405,4.0600000000000005e-10,2.0169847268279515e-15,1.176953989068436e-15
406,4.0700000000000004e-10,1.953589374311366e-15,1.1977103085585885e-15
407,4.0800000000000004e-10,2.095218156648223e-15,1.2316277646488396e-15
408,4.0900000000000004e-10,2.0633602209377608e-15,1.220727736389035e-15
409,4.1000000000000003e-10,2.058399193581621e-15,1.2023678492020984e-15
410,4.1100000000000003e-10,2.041200723067681e-15,1.1303537959226738e-15
411,4.12e-10,2.036079748989776e-15,1.1877178804401908e-15
412,4.13e-10,2.0769515374226235e-15,1.2135772641460056e-15
413,4.14e-10,2.1053906544173288e-15,1.2562867983483197e-15
414,4.15e-10,2.0455067315194248e-15,1.2465410033856405e-15
415,4.16e-10,2.050429681641212e-15,1.2550103339415433e-15
416,4.17e-10,2.059124484090625e-15,1.244677576180162e-15
417,4.1800000000000006e-10,2.1413125852212897e-15,1.2752386206135914e-15
418,4.1900000000000005e-10,2.022062835393401e-15,1.2073929008555214e-15
419,4.2000000000000005e-10,2.0586640131443856e-15,1.2359354311787713e-15
420,4.2100000000000005e-10,2.022557404386844e-15,1.265712252437604e-15
421,4.2200000000000004e-10,2.0070653977443147e-15,1.2415099592759952e-15
422,4.2300000000000004e-10,2.0023953255480095e-15,1.2384800499472524e-15
423,4.2400000000000004e-10,1.9287261366734733e-15,1.257568571115451e-15
424,4.2500000000000003e-10,2.015626232702595e-15,1.2435336147589275e-15
425,4.2600000000000003e-10,1.9941441142204667e-15,1.1776619881984763e-15
426,4.27e-10,2.005749712925036e-15,1.2270857849267885e-15
427,4.28e-10,2.006152805179833e-15,1.2690465001317828e-15
428,4.29e-10,2.0004968112773506e-15,1.2794691935555835e-15
429,4.3e-10,2.00943844866419e-15,1.271446198844466e-15
430,4.31e-10,2.1385856460125265e-15,1.3007388757536757e-15
431,4.3200000000000006e-10,1.9999654148421995e-15,1.2668613013676493e-15
432,4.3300000000000006e-10,2.0952620955609843e-15,1.2864863994222552e-15
433,4.3400000000000005e-10,2.0669356376054025e-15,1.2471955524916287e-15
434,4.3500000000000005e-10,2.1267015037697077e-15,1.2356208957986396e-15
435,4.3600000000000005e-10,2.045432909036189e-15,1.23210891125608e-15
436,4.3700000000000004e-10,2.0780163824979253e-15,1.2400258858369022e-15
437,4.3800000000000004e-10,1.971846652971478e-15,1.2121864188357734e-15
438,4.3900000000000003e-10,1.988218242584549e-15,1.1683396531360684e-15
439,4.4000000000000003e-10,2.0563409005909992e-15,1.2499986723192803e-15
440,4.4100000000000003e-10,1.9521739791636445e-15,1.1929404479760292e-15
441,4.42e-10,2.053290987518328e-15,1.185538731653842e-15
442,4.43e-10,2.0601504571982344e-15,1.2094273443506354e-15
443,4.44e-10,1.9871486763064414e-15,1.2250352762635555e-15
444,4.45e-10,2.0033274368563505e-15,1.2100170130084446e-15
445,4.46e-10,1.965648547065966e-15,1.183171692206579e-15
446,4.4700000000000006e-10,2.06185620127397e-15,1.2079483105912496e-15
447,4.4800000000000006e-10,2.0224667995953933e-15,1.1791105947939681e-15
448,4.4900000000000005e-10,2.0994210135388907e-15,1.1798907543479992e-15
449,4.5000000000000005e-10,2.1074611087870565e-15,1.2070891048857016e-15
450,4.5100000000000005e-10,2.1651599885795777e-15,1.2226732770145253e-15
451,4.5200000000000004e-10,1.948775586645509e-15,1.2303515983105842e-15
452,4.5300000000000004e-10,2.0187005310524254e-15,1.2447836013396129e-15
453,4.5400000000000003e-10,2.0019672921101254e-15,1.196671740176062e-15
454,4.5500000000000003e-10,1.9682424766901362e-15,1.1680723187132429e-15
455,4.5600000000000003e-10,1.9066009998182584e-15,1.187936659262421e-15
456,4.57e-10,1.8661779675371016e-15,1.2045583598571739e-15
457,4.58e-10,1.9066535067431516e-15,1.23942805070864e-15
458,4.59e-10,1.9623690892308272e-15,1.1775885235611362e-15
459,4.6e-10,1.963156119987542e-15,1.1502883433494718e-15
460,4.61e-10,1.8893847001422607e-15,1.198107162953204e-15
461,4.6200000000000006e-10,1.9869725869515093e-15,1.2147159663502481e-15
462,4.6300000000000006e-10,2.0051673992519542e-15,1.214417217243878e-15
463,4.6400000000000005e-10,1.9944842115987884e-15,1.2173109955080999e-15
464,4.6500000000000005e-10,2.0501884494624857e-15,1.221971651682777e-15
465,4.66e-10,1.9716564086870227e-15,1.2126259922203303e-15
466,4.67e-10,1.917283296964417e-15,1.1654750862445366e-15
467,4.68e-10,1.970991103041501e-15,1.1960330322592934e-15
468,4.69e-10,1.981376600399063e-15,1.2059888334596687e-15
469,4.7e-10,1.937026919842638e-15,1.1627538194204416e-15
470,4.71e-10,1.9811116526279778e-15,1.171950621884045e-15
471,4.72e-10,2.0414295802161327e-15,1.2201442385207542e-15
472,4.73e-10,2.120672788425886e-15,1.2184153171004826e-15
473,4.74e-10,2.098977800418942e-15,1.170803107652091e-15
474,4.75e-10,2.0986943615275816e-15,1.1788263021725635e-15
475,4.76e-10,2.0917483220886347e-15,1.2196876681438203e-15
476,4.77e-10,2.0963885001153334e-15,1.2381027039302875e-15
477,4.78e-10,2.119754750423994e-15,1.226259717807189e-15
478,4.79e-10,2.072326390208051e-15,1.2235285042227634e-15
479,4.8e-10,2.0592288808413994e-15,1.2135828045298556e-15
480,4.81e-10,2.1239890471048937e-15,1.239504776379822e-15
481,4.82e-10,2.0719600171791035e-15,1.2040598309985984e-15
482,4.83e-10,1.9900839089896288e-15,1.2418360154737469e-15
483,4.840000000000001e-10,2.0614384449642805e-15,1.2310949792136443e-15
484,4.850000000000001e-10,1.9831135574197572e-15,1.2824531955746155e-15
485,4.860000000000001e-10,2.069627757358652e-15,1.2810690519884262e-15
486,4.870000000000001e-10,2.073564861794649e-15,1.3082092630782774e-15
487,4.880000000000001e-10,2.1631085432589812e-15,1.348850489223533e-15
488,4.890000000000001e-10,2.1009642695426075e-15,1.3656764435340856e-15
489,4.900000000000001e-10,2.025702942686534e-15,1.3055764095571089e-15
490,4.910000000000001e-10,1.9995868546960397e-15,1.3319024346035175e-15
491,4.920000000000001e-10,2.1175185674094226e-15,1.3277884249746923e-15
492,4.930000000000001e-10,2.1709013503600345e-15,1.3439559212534864e-15
493,4.940000000000001e-10,2.131529748817123e-15,1.3368252664541281e-15
494,4.95e-10,2.1007700043304705e-15,1.315883875035194e-15
495,4.96e-10,2.081691609344286e-15,1.30522666841201e-15
496,4.97e-10,2.0517303677207507e-15,1.346318229826248e-15
497,4.98e-10,2.1188349616513636e-15,1.2777932529953496e-15
498,4.99e-10,2.1887065479805897e-15,1.3220435645751464e-15
499,5e-10,2.2155757412086848e-15,1.357350383746561e-15
500,5.01e-10,2.2802919539685536e-15,1.3402334667586382e-15
501,5.02e-10,2.2620137706191714e-15,1.3294269463568184e-15
502,5.03e-10,2.258127263374403e-15,1.378051335196662e-15
503,5.04e-10,2.1899019136345027e-15,1.3817197177338688e-15
504,5.05e-10,2.2625489973561617e-15,1.3792841392931022e-15
505,5.06e-10,2.237004330689631e-15,1.3611890080881728e-15
506,5.07e-10,2.291386406479384e-15,1.33135265216968e-15
507,5.08e-10,2.4250859288507757e-15,1.3864941677830043e-15
508,5.09e-10,2.278611328981879e-15,1.3656844251355004e-15
509,5.1e-10,2.42161765608132e-15,1.3920778144904622e-15
510,5.11e-10,2.2944440367587152e-15,1.4234651429954464e-15
511,5.12e-10,2.346553184798111e-15,1.448372631176465e-15
512,5.130000000000001e-10,2.3713140773918187e-15,1.5109309583066411e-15
513,5.140000000000001e-10,2.3465950912072664e-15,1.5537483165478865e-15
514,5.150000000000001e-10,2.263761965857059e-15,1.4364854822955314e-15
515,5.160000000000001e-10,2.313770067897346e-15,1.4946132988574886e-15
516,5.170000000000001e-10,2.373147738401753e-15,1.4498285097971657e-15
517,5.180000000000001e-10,2.4262984942042605e-15,1.4963029567596287e-15
518,5.190000000000001e-10,2.3798938534837204e-15,1.5016696799824635e-15
519,5.200000000000001e-10,2.3746684175764563e-15,1.5298702984028317e-15
520,5.210000000000001e-10,2.3745142014203303e-15,1.4982062952667157e-15
521,5.220000000000001e-10,2.4915784762433458e-15,1.5372031415524895e-15
522,5.230000000000001e-10,2.254410014252376e-15,1.4648577288649936e-15
523,5.24e-10,2.313681564575826e-15,1.420170127220414e-15
524,5.25e-10,2.4004170883419266e-15,1.4319327031521561e-15
525,5.26e-10,2.356702371635932e-15,1.424526655510917e-15
526,5.27e-10,2.496859276982495e-15,1.4550089661548254e-15
527,5.28e-10,2.3856244363892e-15,1.4531636344208527e-15
528,5.29e-10,2.4154620521872613e-15,1.3999222573866508e-15
529,5.3e-10,2.333283423418272e-15,1.4237904337678643e-15
530,5.31e-10,2.348791505350242e-15,1.4772837084332865e-15
531,5.32e-10,2.254865683104898e-15,1.4695471986142904e-15
532,5.33e-10,2.3115907554222153e-15,1.452562227398525e-15
533,5.34e-10,2.294911546925804e-15,1.4975351585448908e-15
534,5.35e-10,2.271582013457543e-15,1.5036564810446902e-15
535,5.36e-10,2.3330254901953732e-15,1.429365197901887e-15
536,5.37e-10,2.2582096285408686e-15,1.434218590629701e-15
537,5.38e-10,2.271460658435909e-15,1.3967061717178307e-15
538,5.39e-10,2.325428365571308e-15,1.4127077420181378e-15
539,5.4e-10,2.2988290613880687e-15,1.362982253978227e-15
540,5.41e-10,2.293276250708228e-15,1.4733635037545002e-15
541,5.420000000000001e-10,2.4104975158729867e-15,1.482619710414996e-15
542,5.430000000000001e-10,2.332102464656073e-15,1.4404333546133483e-15
543,5.440000000000001e-10,2.2142370000146156e-15,1.4763589702051226e-15
544,5.450000000000001e-10,2.218729423347782e-15,1.4479830533719737e-15
545,5.460000000000001e-10,2.232075856916056e-15,1.45066745105208e-15
546,5.470000000000001e-10,2.25416299807562e-15,1.4081936911460721e-15
547,5.480000000000001e-10,2.2909893496156156e-15,1.4349994629306078e-15
548,5.490000000000001e-10,2.2735611596494136e-15,1.4126935457799756e-15
549,5.500000000000001e-10,2.23089399662768e-15,1.490840238078974e-15
550,5.510000000000001e-10,2.303043213610393e-15,1.4438503895211249e-15
551,5.520000000000001e-10,2.3002687013825667e-15,1.4594782472214886e-15
552,5.530000000000001e-10,2.278378242427691e-15,1.434838222657819e-15
553,5.54e-10,2.2963336361205285e-15,1.4373900499858696e-15
554,5.55e-10,2.4032390856916738e-15,1.500122983577479e-15
555,5.56e-10,2.400437879845985e-15,1.4766765986971021e-15
556,5.57e-10,2.2951220829434843e-15,1.478663027187676e-15
557,5.58e-10,2.3271635768148162e-15,1.4986925656328854e-15
558,5.59e-10,2.3135652150084896e-15,1.476952595051101e-15
559,5.6e-10,2.2068153362094313e-15,1.4350357677344222e-15
560,5.61e-10,2.3432457462449573e-15,1.4942080340125604e-15
561,5.62e-10,2.356829231792884e-15,1.5116687191736986e-15
562,5.63e-10,2.304470345312475e-15,1.4715382214016752e-15
563,5.64e-10,2.3663706831387593e-15,1.4795433627722891e-15
564,5.65e-10,2.294943458003845e-15,1.4796357138737712e-15
565,5.66e-10,2.300059306504235e-15,1.5508246815064778e-15
566,5.67e-10,2.352050820361995e-15,1.5451096023519618e-15
567,5.68e-10,2.3880097073961062e-15,1.551331921484842e-15
568,5.69e-10,2.354667272369486e-15,1.5224119424643363e-15
569,5.7e-10,2.4463073580850293e-15,1.4829254941719345e-15
570,5.71e-10,2.430706067842449e-15,1.5346934159861985e-15
571,5.720000000000001e-10,2.3984573571834633e-15,1.4787617940993895e-15
572,5.730000000000001e-10,2.281736641098024e-15,1.4809907230133038e-15
573,5.740000000000001e-10,2.3002176368206142e-15,1.4450136874423336e-15
574,5.750000000000001e-10,2.38471670929734e-15,1.4512704259796303e-15
575,5.760000000000001e-10,2.3450643475104247e-15,1.4437259902672965e-15
576,5.770000000000001e-10,2.329315616479848e-15,1.478827150778794e-15
577,5.780000000000001e-10,2.3356654768534097e-15,1.5007880493375e-15
578,5.790000000000001e-10,2.370078367346762e-15,1.460601289346266e-15
579,5.800000000000001e-10,2.4477159808204435e-15,1.4796522979736706e-15
580,5.810000000000001e-10,2.455885974427353e-15,1.4990086938401683e-15
581,5.820000000000001e-10,2.381779511203874e-15,1.549603125053075e-15
582,5.830000000000001e-10,2.4048597111053435e-15,1.4781955403651072e-15
583,5.84e-10,2.303277851959674e-15,1.4571107536751462e-15
584,5.85e-10,2.389727995276398e-15,1.434754982197617e-15
585,5.86e-10,2.384840728727118e-15,1.4344287508217605e-15
586,5.87e-10,2.3808814672874504e-15,1.457545403686711e-15
587,5.88e-10,2.330571590177938e-15,1.4691181284856624e-15
588,5.89e-10,2.3882993105555244e-15,1.4584877965712541e-15
589,5.9e-10,2.2392214587654207e-15,1.3877101113042985e-15
590,5.91e-10,2.272960334134286e-15,1.351255412435977e-15
591,5.92e-10,2.253519667402983e-15,1.359832889356775e-15
592,5.93e-10,2.2079166764404147e-15,1.4636006519655231e-15
593,5.94e-10,2.3111679548332885e-15,1.4638817038131887e-15
594,5.95e-10,2.3353087180408138e-15,1.4386853327166385e-15
595,5.96e-10,2.3375676369664593e-15,1.452620835857555e-15
596,5.97e-10,2.3151245730754374e-15,1.4117778377974584e-15
597,5.98e-10,2.2678794813734476e-15,1.3917604218244837e-15
598,5.99e-10,2.3508926263941394e-15,1.4295186040887671e-15
599,6e-10,2.2875816853762532e-15,1.3888479986957532e-15
600,6.010000000000001e-10,2.3219666461185416e-15,1.4409719105087674e-15
601,6.020000000000001e-10,2.239136211228818e-15,1.405064755473325e-15
602,6.030000000000001e-10,2.403257494178792e-15,1.38207530414011e-15
603,6.040000000000001e-10,2.259437989435437e-15,1.4086393560363002e-15
604,6.050000000000001e-10,2.3431887837216536e-15,1.4271757343076225e-15
605,6.060000000000001e-10,2.2742464030405666e-15,1.4284989023792532e-15
606,6.070000000000001e-10,2.233461095016836e-15,1.441216871991159e-15
607,6.080000000000001e-10,2.1412692508684273e-15,1.442886007532378e-15
608,6.090000000000001e-10,2.0855967069709426e-15,1.4232258210339626e-15
609,6.100000000000001e-10,2.1687231393615864e-15,1.4185844042951635e-15
610,6.110000000000001e-10,2.2431626835942564e-15,1.4122062144313757e-15
611,6.120000000000001e-10,2.2126740810040994e-15,1.4494419249901856e-15
612,6.130000000000001e-10,2.2160564348662765e-15,1.4403303041410348e-15
613,6.14e-10,2.1663624407249146e-15,1.4622644507017251e-15
614,6.15e-10,2.182654413555891e-15,1.4239138514265128e-15
615,6.16e-10,2.1402151193110893e-15,1.3673029317908862e-15
616,6.17e-10,2.2456678680709105e-15,1.393482548469996e-15
617,6.18e-10,2.1862489733647428e-15,1.3783200755161906e-15
618,6.19e-10,2.1978793809952536e-15,1.3700767128146362e-15
619,6.2e-10,2.174150474851772e-15,1.3855445832013599e-15
620,6.21e-10,2.1682408212269585e-15,1.4419889963484003e-15
621,6.22e-10,2.2056676794354283e-15,1.4767552268427894e-15
622,6.23e-10,2.2618625620549842e-15,1.4918068780749337e-15
623,6.24e-10,2.1895541935733205e-15,1.4643959938834443e-15
624,6.25e-10,2.3010103100034823e-15,1.4701047546555957e-15
625,6.26e-10,2.2678526894176127e-15,1.518852120242728e-15
626,6.27e-10,2.3168051404398593e-15,1.5053601119134762e-15
627,6.28e-10,2.4965191175642164e-15,1.5833602259691437e-15
628,6.29e-10,2.415791292737966e-15,1.5227033093228111e-15
629,6.300000000000001e-10,2.389293036720596e-15,1.5225965759853119e-15
630,6.310000000000001e-10,2.408203969485092e-15,1.576021636968197e-15
631,6.320000000000001e-10,2.407908758297304e-15,1.5193623606560996e-15
632,6.330000000000001e-10,2.3468358913972163e-15,1.5290616011987264e-15
633,6.340000000000001e-10,2.4180433588878232e-15,1.5229757374664944e-15
634,6.350000000000001e-10,2.2982380593309686e-15,1.513545296590418e-15
635,6.360000000000001e-10,2.2366172084857596e-15,1.5199226142353275e-15
636,6.370000000000001e-10,2.350967149243806e-15,1.533645990628263e-15
637,6.380000000000001e-10,2.2936693839267297e-15,1.5544169953569813e-15
638,6.390000000000001e-10,2.3674766204794805e-15,1.586874113395211e-15
639,6.400000000000001e-10,2.402380893164305e-15,1.5538313688237557e-15
640,6.410000000000001e-10,2.3354293653462925e-15,1.565123732371611e-15
641,6.420000000000001e-10,2.434716518496323e-15,1.5591720203568313e-15
642,6.430000000000001e-10,2.300461821581514e-15,1.5376198531782535e-15
643,6.44e-10,2.389977902510968e-15,1.5905367298658317e-15
644,6.45e-10,2.423139616466075e-15,1.5455110587495264e-15
645,6.46e-10,2.3249918221105248e-15,1.5632768948857733e-15
646,6.47e-10,2.3093230027456817e-15,1.554511974428257e-15
647,6.48e-10,2.437422625860799e-15,1.5738115638624223e-15
648,6.49e-10,2.4104268900089924e-15,1.5793762369849254e-15
649,6.5e-10,2.539834454457773e-15,1.5768095346646968e-15
650,6.51e-10,2.4269302939541197e-15,1.6496966766578888e-15
651,6.52e-10,2.5281922573551393e-15,1.6256802179313274e-15
652,6.53e-10,2.549612301828221e-15,1.6354309858906226e-15
653,6.54e-10,2.512794060092677e-15,1.6787770762773908e-15
654,6.55e-10,2.50009275282571e-15,1.6585097001317824e-15
655,6.56e-10,2.518376822368887e-15,1.768624928125976e-15
656,6.57e-10,2.3841146176523578e-15,1.6460675923558609e-15
657,6.58e-10,2.4626523695355024e-15,1.6107139471200209e-15
658,6.590000000000001e-10,2.4552493211243287e-15,1.6017899641257963e-15
659,6.600000000000001e-10,2.349866416256644e-15,1.5707569535172443e-15
660,6.610000000000001e-10,2.3759116798804277e-15,1.5634964769062139e-15
661,6.620000000000001e-10,2.29268335904668e-15,1.5933577674284609e-15
662,6.630000000000001e-10,2.335852104316826e-15,1.5894855828799076e-15
663,6.640000000000001e-10,2.349427784815784e-15,1.6003405765624745e-15
664,6.650000000000001e-10,2.2818299995798577e-15,1.5616030956074081e-15
665,6.660000000000001e-10,2.353380395290938e-15,1.5613667602564442e-15
666,6.670000000000001e-10,2.110260661527003e-15,1.5740004208131782e-15
667,6.680000000000001e-10,2.1805173560383116e-15,1.6203342524276866e-15
668,6.690000000000001e-10,2.2255470823742376e-15,1.5818754249874534e-15
669,6.700000000000001e-10,2.270727789669766e-15,1.5756770612814844e-15
670,6.710000000000001e-10,2.174725515213073e-15,1.5576716263882114e-15
671,6.720000000000001e-10,2.297439646614209e-15,1.6299704619218613e-15
672,6.730000000000001e-10,2.20033409330104e-15,1.537786944805357e-15
673,6.74e-10,2.186999222449904e-15,1.5719708887987917e-15
674,6.75e-10,2.2023733038437237e-15,1.588491146922543e-15
675,6.76e-10,2.21095352492415e-15,1.6024709076825793e-15
676,6.77e-10,2.2738484494582797e-15,1.5563659054696e-15
677,6.78e-10,2.3653666074331518e-15,1.5753963244783847e-15
678,6.79e-10,2.368958017669392e-15,1.5910328133486637e-15
679,6.8e-10,2.3423152975567745e-15,1.5963367648524116e-15
680,6.81e-10,2.325086651547525e-15,1.5676142577973787e-15
681,6.82e-10,2.2816405323349104e-15,1.5701526341800927e-15
682,6.83e-10,2.2406369499560607e-15,1.534148810475423e-15
683,6.84e-10,2.268924030610235e-15,1.563605143382685e-15
684,6.85e-10,2.300539396074811e-15,1.6139742155841104e-15
685,6.86e-10,2.2054586504107855e-15,1.607577606206191e-15
686,6.87e-10,2.2309020261404567e-15,1.6587715117541185e-15
687,6.88e-10,2.3343926128580545e-15,1.6574325513975682e-15
688,6.890000000000001e-10,2.330309908689939e-15,1.608274389863417e-15
689,6.900000000000001e-10,2.368262717664452e-15,1.5791029798465407e-15
690,6.910000000000001e-10,2.4087447600849805e-15,1.5623873630117994e-15
691,6.920000000000001e-10,2.316656100501338e-15,1.5468193330747422e-15
692,6.930000000000001e-10,2.3042699656237124e-15,1.5450264584239768e-15
693,6.940000000000001e-10,2.394262585317877e-15,1.6432210986892998e-15
694,6.950000000000001e-10,2.369871205113045e-15,1.6156559222301891e-15
695,6.960000000000001e-10,2.2281353501768445e-15,1.5832059646198752e-15
696,6.970000000000001e-10,2.3054400944626128e-15,1.5987838411841934e-15
697,6.980000000000001e-10,2.1593181830325577e-15,1.540581377617751e-15
698,6.990000000000001e-10,2.207751142106071e-15,1.5795872916796316e-15
699,7.000000000000001e-10,2.1662941918262485e-15,1.5231100805361716e-15
700,7.010000000000001e-10,2.1717275779787746e-15,1.5208379002415236e-15
701,7.020000000000001e-10,2.2043490451338312e-15,1.5657942282377459e-15
702,7.030000000000001e-10,2.2694432787598687e-15,1.5615912820861973e-15
703,7.04e-10,2.340944324710189e-15,1.5702639906180949e-15
704,7.05e-10,2.352102331407253e-15,1.5375408769386854e-15
705,7.06e-10,2.322272059177706e-15,1.544493416369904e-15
706,7.07e-10,2.4757856346336656e-15,1.6012173431571656e-15
707,7.08e-10,2.28848042086227e-15,1.6090614508069975e-15
708,7.09e-10,2.206293619896806e-15,1.5312306947044656e-15
709,7.1e-10,2.28377737363011e-15,1.5079247947500281e-15
710,7.11e-10,2.247953530808387e-15,1.5563340038884053e-15
711,7.12e-10,2.2838146695593453e-15,1.6022961693286184e-15
712,7.13e-10,2.3739243941419857e-15,1.6568439152547362e-15
713,7.14e-10,2.3081757605038596e-15,1.637683001734215e-15
714,7.15e-10,2.362601232213502e-15,1.6270788518278499e-15
715,7.16e-10,2.3300408473864002e-15,1.6025858804475439e-15
716,7.17e-10,2.2390169265306943e-15,1.636595465546934e-15
717,7.180000000000001e-10,2.344112864259491e-15,1.6616063488007355e-15
718,7.190000000000001e-10,2.2512599181635013e-15,1.6361661546997631e-15
719,7.200000000000001e-10,2.352009707588442e-15,1.6788365894795813e-15
720,7.210000000000001e-10,2.286502800996034e-15,1.7172137522993697e-15
721,7.220000000000001e-10,2.291873641745318e-15,1.6276637830610748e-15
722,7.230000000000001e-10,2.2002442408822242e-15,1.628683877731431e-15
723,7.240000000000001e-10,2.215756685905483e-15,1.6169557327159575e-15
724,7.250000000000001e-10,2.1168091183793392e-15,1.6443407493520964e-15
725,7.260000000000001e-10,2.2043009014382088e-15,1.6815427598945583e-15
726,7.270000000000001e-10,2.188934693121107e-15,1.6426826807459254e-15
727,7.280000000000001e-10,2.264430631479641e-15,1.661714819269573e-15
728,7.290000000000001e-10,2.3336084559666354e-15,1.6700958883554613e-15
729,7.300000000000001e-10,2.1760825711479665e-15,1.5957236408968526e-15
730,7.310000000000001e-10,2.2369050643294035e-15,1.6588935438336464e-15
731,7.320000000000001e-10,2.1823721553416608e-15,1.603926184149154e-15
732,7.330000000000001e-10,2.1335411978953417e-15,1.5602590783678156e-15
733,7.34e-10,2.136710584520528e-15,1.6145251647395739e-15
734,7.35e-10,2.1111823040718082e-15,1.6210797019470958e-15
735,7.36e-10,2.035039241477612e-15,1.5635637287278145e-15
736,7.37e-10,2.1885625271587014e-15,1.6244414180143337e-15
737,7.38e-10,2.2119556551182993e-15,1.5812610650745623e-15
738,7.39e-10,2.0657469903900032e-15,1.6124667965947122e-15
739,7.4e-10,2.2856215494775473e-15,1.56582750340104e-15
740,7.41e-10,2.3030138210030962e-15,1.6393568109008899e-15
741,7.42e-10,2.26339510997476e-15,1.5928161488106983e-15
742,7.43e-10,2.194417916705324e-15,1.5845902389521653e-15
743,7.44e-10,2.2737267540726744e-15,1.6153274625439335e-15
744,7.45e-10,2.2769565370582257e-15,1.6328247184958492e-15
745,7.46e-10,2.2523050174688008e-15,1.6481238468332391e-15
746,7.470000000000001e-10,2.178296552522053e-15,1.6044874396389808e-15
747,7.480000000000001e-10,2.1722470913439814e-15,1.5922978590386265e-15
748,7.490000000000001e-10,2.218846642092106e-15,1.6559527274826073e-15
749,7.500000000000001e-10,2.3642067212857455e-15,1.6577000847133834e-15
750,7.510000000000001e-10,2.370613097453956e-15,1.6803649760463805e-15
751,7.520000000000001e-10,2.198436519036851e-15,1.6250880475613398e-15
752,7.530000000000001e-10,2.2599845112466172e-15,1.6135758494937797e-15
753,7.540000000000001e-10,2.2537729168857225e-15,1.650970236677397e-15
754,7.550000000000001e-10,2.3237830969968565e-15,1.6678890711981582e-15
755,7.560000000000001e-10,2.272763077649575e-15,1.7269902839846755e-15
756,7.570000000000001e-10,2.2351109916606752e-15,1.7095070168741434e-15
757,7.580000000000001e-10,2.221790262202924e-15,1.6461629041253968e-15
758,7.590000000000001e-10,2.222829083823964e-15,1.6615286011899788e-15
759,7.600000000000001e-10,2.2132700338243237e-15,1.6632727209388447e-15
760,7.610000000000001e-10,2.2054095540559743e-15,1.5889427921032679e-15
761,7.620000000000001e-10,2.2963638230914577e-15,1.6673728939972229e-15
762,7.630000000000001e-10,2.3580841736655943e-15,1.6552368637641703e-15
763,7.64e-10,2.1964812003142194e-15,1.6703878152832213e-15
764,7.65e-10,2.281005522729013e-15,1.649055040190462e-15
765,7.66e-10,2.3702582656234158e-15,1.6861049357205763e-15
766,7.67e-10,2.4829543681446637e-15,1.711501604709624e-15
767,7.68e-10,2.4055893666000302e-15,1.707716160766009e-15
768,7.69e-10,2.4494947953838686e-15,1.676246074866734e-15
769,7.7e-10,2.4934015193426848e-15,1.703861669347944e-15
770,7.71e-10,2.4566765764067166e-15,1.6989072035324246e-15
771,7.72e-10,2.3089907536932357e-15,1.6537832535511805e-15
772,7.73e-10,2.367778348226455e-15,1.661314385004931e-15
773,7.74e-10,2.3926145501575395e-15,1.657760116211181e-15
774,7.75e-10,2.4099384183082205e-15,1.6400981030338588e-15
775,7.76e-10,2.4968423197458647e-15,1.7028544700226364e-15
776,7.770000000000001e-10,2.435477793400624e-15,1.6972370346727977e-15
777,7.780000000000001e-10,2.387139062623977e-15,1.6433962927145726e-15
778,7.790000000000001e-10,2.4149714158299326e-15,1.6717809421828368e-15
779,7.800000000000001e-10,2.3939970147328617e-15,1.65406196989448e-15
780,7.810000000000001e-10,2.3592475033695096e-15,1.6718232872237863e-15
781,7.820000000000001e-10,2.4022148650813153e-15,1.703123796481883e-15
782,7.830000000000001e-10,2.4429008718305436e-15,1.6645816367922094e-15
783,7.840000000000001e-10,2.4255488950652324e-15,1.6555588869940185e-15
784,7.850000000000001e-10,2.425909814447851e-15,1.6831884240599254e-15
785,7.860000000000001e-10,2.4659010565964907e-15,1.6767870624439825e-15
786,7.870000000000001e-10,2.5318326729948338e-15,1.7704438620388273e-15
787,7.880000000000001e-10,2.3922635585500414e-15,1.7290283170563958e-15
788,7.890000000000001e-10,2.3983548066264158e-15,1.7051774090214852e-15
789,7.900000000000001e-10,2.4701676117964462e-15,1.6982849651890203e-15
790,7.910000000000001e-10,2.380393545547806e-15,1.7019142199789352e-15
791,7.920000000000001e-10,2.532221901277894e-15,1.7561929184967152e-15
792,7.930000000000001e-10,2.4279871939562407e-15,1.759411712053837e-15
793,7.94e-10,2.4026374437772273e-15,1.7479255435047205e-15
794,7.95e-10,2.5085845349222655e-15,1.7638629382659539e-15
795,7.96e-10,2.5492164408354986e-15,1.7183372973018939e-15
796,7.97e-10,2.565190785457014e-15,1.7582411353301453e-15
797,7.98e-10,2.4226097860193386e-15,1.7281716187460574e-15
798,7.99e-10,2.4490686533356636e-15,1.7044249231163247e-15
799,8e-10,2.408569061148322e-15,1.6926066628709456e-15
800,8.01e-10,2.426685633120178e-15,1.7240736047538586e-15
801,8.02e-10,2.542246578441604e-15,1.7456041925836731e-15
802,8.03e-10,2.5089512760716573e-15,1.7612207609151454e-15
803,8.04e-10,2.5924592543678113e-15,1.7624481448713902e-15
804,8.05e-10,2.6445596204156806e-15,1.815984614314049e-15
805,8.060000000000001e-10,2.6264608239070122e-15,1.809713239547095e-15
806,8.070000000000001e-10,2.7208952876838438e-15,1.8374439877125915e-15
807,8.080000000000001e-10,2.5903313303866643e-15,1.8450658276395106e-15
808,8.090000000000001e-10,2.80577737921296e-15,1.892071525111195e-15
809,8.100000000000001e-10,2.717107381232905e-15,1.896547452702572e-15
810,8.110000000000001e-10,2.7547917859545836e-15,1.8893492012301146e-15
811,8.120000000000001e-10,2.8058668689406704e-15,1.8917250539236176e-15
812,8.130000000000001e-10,2.716397005160172e-15,1.862246241672495e-15
813,8.140000000000001e-10,2.7666834680146564e-15,1.900852603204186e-15
814,8.150000000000001e-10,2.739303342288549e-15,1.8797649007891984e-15
815,8.160000000000001e-10,2.628717498093365e-15,1.8326396854789125e-15
816,8.170000000000001e-10,2.7172104168445427e-15,1.8365838482591907e-15
817,8.180000000000001e-10,2.6403730218173436e-15,1.776331105079236e-15
818,8.190000000000001e-10,2.505427740745178e-15,1.7544270585775628e-15
819,8.200000000000001e-10,2.5690848825516903e-15,1.7935611626628892e-15
820,8.210000000000001e-10,2.547576144593252e-15,1.8057445235933762e-15
821,8.220000000000001e-10,2.560612594629868e-15,1.834802449018522e-15
822,8.230000000000001e-10,2.5489341934853214e-15,1.816311136118149e-15
823,8.24e-10,2.60808934370473e-15,1.8412970300458935e-15
824,8.25e-10,2.551494517118105e-15,1.8341291732201766e-15
825,8.26e-10,2.558637532200096e-15,1.8457358456597676e-15
826,8.27e-10,2.556603001860623e-15,1.8190167394715444e-15
827,8.28e-10,2.5882591172831667e-15,1.800100244595821e-15
828,8.29e-10,2.4817137663373977e-15,1.834151157766581e-15
829,8.3e-10,2.5282765703939322e-15,1.8381155175939285e-15
830,8.31e-10,2.5725064631878996e-15,1.8059718556452883e-15
831,8.32e-10,2.599500791182771e-15,1.8638230101138755e-15
832,8.33e-10,2.665594697569362e-15,1.8688023764511257e-15
833,8.34e-10,2.6468516764215685e-15,1.8489050548706832e-15
834,8.350000000000001e-10,2.6464677331807556e-15,1.819109062043254e-15
835,8.360000000000001e-10,2.6554132609181056e-15,1.934523960770346e-15
836,8.370000000000001e-10,2.726351110279631e-15,1.9454446749500228e-15
837,8.380000000000001e-10,2.6594755528033146e-15,1.909485641897479e-15
838,8.390000000000001e-10,2.7970302499324948e-15,1.9244413182899522e-15
839,8.400000000000001e-10,2.842722907142375e-15,1.9446894420311344e-15
840,8.410000000000001e-10,2.72354578537841e-15,1.931663548546429e-15
841,8.420000000000001e-10,2.674496331428123e-15,1.8859297215878097e-15
842,8.430000000000001e-10,2.7253828641477005e-15,1.888936832094969e-15
843,8.440000000000001e-10,2.7521937216393997e-15,1.9564423556960347e-15
844,8.450000000000001e-10,2.746115191261465e-15,1.9801713942238927e-15
845,8.460000000000001e-10,2.718128258842849e-15,1.9694015716011598e-15
846,8.470000000000001e-10,2.7837383341231776e-15,1.9726135179425684e-15
847,8.480000000000001e-10,2.8139249635185587e-15,2.0150052409075364e-15
848,8.490000000000001e-10,2.7772622934715103e-15,1.97748765687825e-15
849,8.500000000000001e-10,2.802237374430641e-15,1.9529246358886926e-15
850,8.510000000000001e-10,2.7897280444912226e-15,1.9925896408189445e-15
851,8.520000000000001e-10,2.862219371775076e-15,2.0329349771417763e-15
852,8.530000000000001e-10,2.7431072613141498e-15,2.0086037738670633e-15
853,8.54e-10,2.6063903225768197e-15,1.905774874334822e-15
854,8.55e-10,2.7795412454789892e-15,1.9859737191165017e-15
855,8.56e-10,2.8068220501771318e-15,1.96608334319545e-15
856,8.57e-10,2.748448726065922e-15,1.9779024447185317e-15
857,8.58e-10,2.911525759161513e-15,2.019489145821728e-15
858,8.59e-10,2.8427952055198247e-15,2.0125271659675053e-15
859,8.6e-10,2.7986334425532773e-15,1.9758060619301817e-15
860,8.61e-10,2.682425733425405e-15,1.930036942455006e-15
861,8.62e-10,2.6494615964245207e-15,1.9178357865917142e-15
862,8.63e-10,2.768453144876096e-15,1.943668640270297e-15
863,8.640000000000001e-10,2.7706551224270765e-15,1.984820033322892e-15
864,8.650000000000001e-10,2.9271264832332195e-15,1.9962363803149674e-15
865,8.660000000000001e-10,2.690949949832677e-15,1.964968756343132e-15
866,8.670000000000001e-10,2.750090561575815e-15,1.9350807002069547e-15
867,8.680000000000001e-10,2.7717504112680237e-15,1.9805560922258624e-15
868,8.690000000000001e-10,2.8501364391529098e-15,2.0048601492765814e-15
869,8.700000000000001e-10,2.673001421377557e-15,1.9410171800114107e-15
870,8.710000000000001e-10,2.8277259054982996e-15,1.970751883982558e-15
871,8.720000000000001e-10,2.883851243213557e-15,1.9325317467314944e-15
872,8.730000000000001e-10,2.8248630450832155e-15,1.949982110394755e-15
873,8.740000000000001e-10,2.8897449724040057e-15,1.9195840820832795e-15
874,8.750000000000001e-10,2.8409092400007612e-15,1.992042967308187e-15
875,8.760000000000001e-10,2.8128356552048078e-15,1.9335986159631956e-15
876,8.770000000000001e-10,2.9781814068894685e-15,2.049584489671971e-15
877,8.780000000000001e-10,2.8643926057153157e-15,1.9818678561071367e-15
878,8.790000000000001e-10,3.074904221112357e-15,2.0008256332101095e-15
879,8.800000000000001e-10,2.9655615807595225e-15,2.0219929973935722e-15
880,8.810000000000001e-10,3.1202439752288837e-15,1.988044756333233e-15
881,8.820000000000001e-10,3.0087994662650757e-15,1.9984492243373814e-15
882,8.830000000000001e-10,2.9169529989652267e-15,1.9456656497728892e-15
883,8.84e-10,2.977763381221253e-15,1.992333290615994e-15
884,8.85e-10,3.1182711801493356e-15,2.024185580273042e-15
885,8.86e-10,3.078980583423954e-15,2.000964542238802e-15
886,8.87e-10,3.1096194940063085e-15,2.095885399337793e-15
887,8.88e-10,2.985062602182506e-15,2.0648721437485495e-15
888,8.89e-10,3.1876744719429486e-15,2.1298649405411686e-15
889,8.9e-10,3.111377062694733e-15,2.0629954440795837e-15
890,8.91e-10,3.0946661241219526e-15,2.061615906658557e-15
891,8.92e-10,3.2916999564515177e-15,2.08398548359595e-15
892,8.93e-10,3.2271075237621255e-15,2.100312604248422e-15
893,8.940000000000001e-10,3.200380368279866e-15,2.0291973363741523e-15
894,8.950000000000001e-10,3.222873522001937e-15,2.0424308798873623e-15
895,8.960000000000001e-10,3.182479466070213e-15,2.1180782176013117e-15
896,8.970000000000001e-10,3.21264348047663e-15,2.091053792995118e-15
897,8.980000000000001e-10,3.2829388970582216e-15,2.1342080939504947e-15
898,8.990000000000001e-10,3.1420106180522896e-15,2.081042573972165e-15
899,9.000000000000001e-10,3.195567004770518e-15,2.0951157832714263e-15
900,9.010000000000001e-10,3.1090329354394687e-15,2.1169687374269144e-15
901,9.020000000000001e-10,3.149572147896361e-15,2.1260698827369544e-15
902,9.030000000000001e-10,3.0774899673909655e-15,2.071814386889743e-15
903,9.040000000000001e-10,3.0909764024140633e-15,2.0453301655890357e-15
904,9.050000000000001e-10,3.1983235554293916e-15,2.1528764221727555e-15
905,9.060000000000001e-10,3.1755671354262174e-15,2.0813723842051754e-15
906,9.070000000000001e-10,3.1393608423152007e-15,2.0511596875700746e-15
907,9.080000000000001e-10,3.0582167194739383e-15,2.064000375078043e-15
908,9.090000000000001e-10,2.9914957123100014e-15,2.0215988667183956e-15
909,9.100000000000001e-10,3.0771360971577413e-15,2.050649139133229e-15
910,9.110000000000001e-10,3.0630751559131698e-15,2.053232437760428e-15
911,9.120000000000001e-10,2.9812748408477923e-15,2.0994311109726557e-15
912,9.130000000000001e-10,3.211940511898946e-15,2.1056458003288483e-15
913,9.14e-10,3.2507795595904353e-15,2.1071061440144224e-15
914,9.15e-10,3.2907677016875344e-15,2.060423435685958e-15
915,9.16e-10,3.1475617582719823e-15,2.068034926484366e-15
916,9.17e-10,3.14104004655362e-15,2.023164855154975e-15
917,9.18e-10,2.990749748560902e-15,2.036724207921688e-15
918,9.19e-10,3.0379112511321166e-15,2.0631487507622923e-15
919,9.2e-10,3.1402231040773694e-15,2.100674880978776e-15
920,9.21e-10,3.0991578084399586e-15,2.080956290551443e-15
921,9.22e-10,2.9754373947761376e-15,2.0617632420521984e-15
922,9.230000000000001e-10,3.0620270209146644e-15,2.1247817947882286e-15
923,9.240000000000001e-10,2.9540123538692507e-15,2.057583541723517e-15
924,9.250000000000001e-10,3.021542283894881e-15,2.0695224162716676e-15
925,9.260000000000001e-10,3.026668703079277e-15,2.064905037774085e-15
926,9.270000000000001e-10,2.9740360408668146e-15,2.063860657724094e-15
927,9.280000000000001e-10,3.031693216469717e-15,2.0434040566145246e-15
928,9.290000000000001e-10,3.1081636131430433e-15,2.073620496966374e-15
929,9.300000000000001e-10,2.9694247857177194e-15,2.109219271649988e-15
930,9.310000000000001e-10,3.107168110722124e-15,2.0848589094066495e-15
931,9.32e-10,3.0304294556301396e-15,2.0069547105018374e-15
932,9.33e-10,3.0795580620890025e-15,2.028966445185115e-15
933,9.34e-10,3.141614885703246e-15,2.091729516443735e-15
934,9.35e-10,3.103634174446579e-15,2.0758430270793767e-15
935,9.36e-10,3.1207728609281208e-15,2.0643130248354117e-15
936,9.37e-10,2.9659237099842078e-15,2.057699980304582e-15
937,9.38e-10,3.1599511748656576e-15,2.1311798265629832e-15
938,9.390000000000002e-10,3.2263949303484993e-15,2.0783953597848126e-15
939,9.4e-10,3.1189254793409075e-15,2.06549752989534e-15
940,9.410000000000002e-10,3.092508836512073e-15,2.095051614212174e-15
941,9.42e-10,3.0630192365053785e-15,2.068295066895668e-15
942,9.430000000000002e-10,3.3069239182808956e-15,2.090943031290111e-15
943,9.44e-10,3.19347018214782e-15,2.13045554156831e-15
944,9.450000000000001e-10,3.2316602550275298e-15,2.1944195322881257e-15
945,9.46e-10,3.2689518513053463e-15,2.151812379474497e-15
946,9.470000000000001e-10,3.286869134302623e-15,2.2096947250850772e-15
947,9.48e-10,3.2263784174635827e-15,2.1243678034070688e-15
948,9.490000000000001e-10,3.192067456688521e-15,2.1064442786321467e-15
949,9.5e-10,3.138886116063802e-15,2.120234659274786e-15
950,9.510000000000001e-10,3.1888636840246725e-15,2.107053932459943e-15
951,9.52e-10,3.183560202234536e-15,2.1418035528353112e-15
952,9.530000000000001e-10,3.1126958452403204e-15,2.1275924060068353e-15
953,9.54e-10,3.1280820658852086e-15,2.1054066820624826e-15
954,9.550000000000001e-10,3.062338536396449e-15,2.0897923144960456e-15
955,9.56e-10,3.085006569860314e-15,2.1079586867717385e-15
956,9.570000000000001e-10,3.1634149761200825e-15,2.076002753862086e-15
957,9.58e-10,3.1852703820158525e-15,2.068886741041637e-15
958,9.59e-10,3.0898498293739706e-15,2.041270790304572e-15
959,9.6e-10,2.983311014291659e-15,2.0396165034354873e-15
960,9.61e-10,2.935467007402355e-15,2.047136854118637e-15
961,9.62e-10,3.160978968196389e-15,2.066608044624257e-15
962,9.63e-10,3.07519109451528e-15,2.0402986377527947e-15
963,9.64e-10,3.019478865886863e-15,1.983119047986678e-15
964,9.65e-10,2.972607132188522e-15,1.9926817219724366e-15
965,9.66e-10,2.9774510194930485e-15,1.947591415730435e-15
966,9.67e-10,3.0581590747899983e-15,1.9843887886843422e-15
967,9.680000000000002e-10,2.9830983743015775e-15,1.939452833466831e-15
968,9.69e-10,3.0829826136227263e-15,1.9638065067898e-15
969,9.700000000000002e-10,3.0706225136775103e-15,1.9568090707801646e-15
970,9.71e-10,3.154482385109496e-15,2.0152573949372548e-15
971,9.720000000000002e-10,3.160353695777213e-15,2.0601966173183234e-15
972,9.73e-10,3.235880417841365e-15,1.9984279170417578e-15
973,9.740000000000002e-10,3.1087673103134873e-15,2.0027243379548224e-15
974,9.75e-10,3.105671570531834e-15,1.9870543770256215e-15
975,9.760000000000001e-10,3.139158982882578e-15,2.0504657527704546e-15
976,9.77e-10,2.9250677321940735e-15,2.0729232334690706e-15
977,9.780000000000001e-10,3.067510891097133e-15,2.019439541865772e-15
978,9.79e-10,3.191393913344668e-15,2.117324626959525e-15
979,9.800000000000001e-10,3.139588402514279e-15,2.0404546391174755e-15
980,9.81e-10,3.101322717269092e-15,2.026500406600201e-15
981,9.820000000000001e-10,3.13575043143822e-15,2.0644395144483517e-15
982,9.83e-10,2.9528892429456783e-15,2.003697978539557e-15
983,9.840000000000001e-10,3.050978854520651e-15,2.0129663299797952e-15
984,9.85e-10,2.902161969942075e-15,2.0112735024773843e-15
985,9.860000000000001e-10,2.917908081614864e-15,2.0148679164976133e-15
986,9.87e-10,2.904560775626915e-15,2.005049029096244e-15
987,9.880000000000001e-10,2.876132043159925e-15,2.027713827934322e-15
988,9.89e-10,2.8195571075325943e-15,2.009829201480878e-15
989,9.9e-10,2.7428066610817877e-15,2.013366061281348e-15
990,9.91e-10,2.8051692095801634e-15,1.9914782111399286e-15
991,9.92e-10,2.8596978250618967e-15,1.9589786170611267e-15
992,9.93e-10,2.9874214426734414e-15,2.0564059709540955e-15
993,9.94e-10,2.954608977549179e-15,1.9971963610343943e-15
994,9.95e-10,2.681240640687244e-15,1.9397778477019927e-15
995,9.96e-10,2.8892668942268503e-15,2.0064970107976842e-15
996,9.970000000000002e-10,2.8058322981419762e-15,1.970055355419845e-15
997,9.98e-10,2.7694275390901706e-15,1.994121233264763e-15
998,9.990000000000002e-10,2.6730149179058393e-15,1.94509217749948e-15
999,1e-09,2.7705423230116834e-15,1.9777401235733723e-15
