,Time,BUT
0,1e-12,2.2078320817780028e-16
1,2e-12,4.3828675123121935e-16
2,3e-12,6.300234912414528e-16
3,4e-12,7.860656903677359e-16
4,5.0000000000000005e-12,9.093533083608581e-16
5,6e-12,9.521997986954471e-16
6,7.000000000000001e-12,1.0602161738692347e-15
7,8e-12,1.1900650660972745e-15
8,9.000000000000001e-12,1.3319954421858596e-15
9,1.0000000000000001e-11,1.5129490891853345e-15
10,1.1e-11,1.5641817071375145e-15
11,1.2e-11,1.6013532536246919e-15
12,1.3e-11,1.6078225442079498e-15
13,1.4000000000000002e-11,1.758767866144053e-15
14,1.5e-11,1.7750745961229187e-15
15,1.6e-11,1.9105714894793742e-15
16,1.7000000000000003e-11,2.142032577084501e-15
17,1.8000000000000002e-11,2.253726638372258e-15
18,1.9000000000000002e-11,2.3666778355349148e-15
19,2.0000000000000002e-11,2.4904697814356042e-15
20,2.1000000000000002e-11,2.545043201641717e-15
21,2.2e-11,2.7971851297584603e-15
22,2.3e-11,2.9243769681688497e-15
23,2.4e-11,2.956083832707515e-15
24,2.5e-11,2.8883513239711533e-15
25,2.6e-11,2.985625506976076e-15
26,2.7000000000000004e-11,3.076890976188017e-15
27,2.8000000000000003e-11,3.134919790814742e-15
28,2.9000000000000003e-11,3.0165382261113092e-15
29,3e-11,2.98579478354024e-15
30,3.1e-11,3.122976663431219e-15
31,3.2e-11,3.1148524597561584e-15
32,3.3e-11,3.2762650960375848e-15
33,3.4000000000000005e-11,3.515596057768069e-15
34,3.5e-11,3.541660438764899e-15
35,3.6000000000000005e-11,3.813476494041425e-15
36,3.7e-11,3.807232131327045e-15
37,3.8000000000000004e-11,3.722371222528821e-15
38,3.9e-11,3.676565337032497e-15
39,4.0000000000000004e-11,3.74125944271935e-15
40,4.1e-11,3.801043999615604e-15
41,4.2000000000000004e-11,3.705555030688331e-15
42,4.3e-11,3.652146780405901e-15
43,4.4e-11,3.66374627173059e-15
44,4.5000000000000006e-11,3.69806831482503e-15
45,4.6e-11,3.8666427324431026e-15
46,4.7000000000000006e-11,3.89370642482998e-15
47,4.8e-11,4.0045483064153966e-15
48,4.9000000000000005e-11,4.267016460357423e-15
49,5e-11,4.454179693199514e-15
50,5.1000000000000005e-11,4.288781983074113e-15
51,5.2e-11,4.247770936885737e-15
52,5.3000000000000004e-11,4.403921100530295e-15
53,5.400000000000001e-11,4.338837886945013e-15
54,5.5000000000000004e-11,4.4797618374724965e-15
55,5.600000000000001e-11,4.439660343111859e-15
56,5.7000000000000003e-11,4.410273556725629e-15
57,5.8000000000000007e-11,4.789066133737367e-15
58,5.9e-11,4.924861145023569e-15
59,6e-11,4.874111745355651e-15
60,6.100000000000001e-11,5.107426901330858e-15
61,6.2e-11,5.060392451688911e-15
62,6.3e-11,4.9238165001470494e-15
63,6.4e-11,4.992357771842124e-15
64,6.500000000000001e-11,5.149508747874753e-15
65,6.6e-11,5.327980630052924e-15
66,6.7e-11,5.42424128225243e-15
67,6.800000000000001e-11,5.544521754745747e-15
68,6.900000000000001e-11,5.466047633486595e-15
69,7e-11,5.6375732988782524e-15
70,7.1e-11,5.638983014602921e-15
71,7.200000000000001e-11,5.5104010052866835e-15
72,7.3e-11,5.561046908567255e-15
73,7.4e-11,5.767107113774295e-15
74,7.5e-11,5.832751788352727e-15
75,7.600000000000001e-11,5.648186514018525e-15
76,7.7e-11,5.660556367165393e-15
77,7.8e-11,5.563420201014865e-15
78,7.900000000000001e-11,5.708660045624597e-15
79,8.000000000000001e-11,5.5850083614405065e-15
80,8.1e-11,5.889014523474387e-15
81,8.2e-11,5.808020111227188e-15
82,8.300000000000001e-11,5.581034640434278e-15
83,8.400000000000001e-11,5.616789432560923e-15
84,8.5e-11,5.7743694368000505e-15
85,8.6e-11,5.620737755874787e-15
86,8.700000000000001e-11,5.79151766997633e-15
87,8.8e-11,5.836557637322689e-15
88,8.9e-11,5.960000386183651e-15
89,9.000000000000001e-11,6.058455941203532e-15
90,9.100000000000001e-11,6.051802602881166e-15
91,9.2e-11,5.988135424438477e-15
92,9.3e-11,5.868616254804925e-15
93,9.400000000000001e-11,5.9576172560694655e-15
94,9.500000000000001e-11,5.949313880452841e-15
95,9.6e-11,5.904009036343815e-15
96,9.7e-11,5.92178268044867e-15
97,9.800000000000001e-11,6.198369339310194e-15
98,9.900000000000001e-11,6.243259999577641e-15
99,1e-10,6.384213023217727e-15
100,1.0100000000000001e-10,6.423340189114228e-15
101,1.0200000000000001e-10,6.505616547654334e-15
102,1.03e-10,6.406508302421381e-15
103,1.04e-10,6.478988354574386e-15
104,1.0500000000000001e-10,6.408984056995707e-15
105,1.0600000000000001e-10,6.497970694115968e-15
106,1.07e-10,6.575186116132605e-15
107,1.0800000000000001e-10,6.7318997856950445e-15
108,1.0900000000000001e-10,6.577612623947403e-15
109,1.1000000000000001e-10,6.7104768791605375e-15
110,1.11e-10,6.651735319385038e-15
111,1.1200000000000001e-10,6.670023566137737e-15
112,1.1300000000000001e-10,6.604318494024441e-15
113,1.1400000000000001e-10,6.637605897974421e-15
114,1.15e-10,6.590193618584447e-15
115,1.1600000000000001e-10,6.55396772237222e-15
116,1.17e-10,6.380660476534193e-15
117,1.18e-10,6.467919305403202e-15
118,1.19e-10,6.739969530271985e-15
119,1.2e-10,6.808415739938885e-15
120,1.2100000000000002e-10,6.773798314096466e-15
121,1.2200000000000002e-10,6.753394920407355e-15
122,1.2300000000000001e-10,6.817194929465948e-15
123,1.24e-10,7.032847689925355e-15
124,1.25e-10,7.153328593217497e-15
125,1.26e-10,7.317550284236587e-15
126,1.27e-10,7.35164252246305e-15
127,1.28e-10,7.269900356440195e-15
128,1.2900000000000002e-10,7.206233356518141e-15
129,1.3000000000000002e-10,7.43360050365959e-15
130,1.31e-10,7.736230344450934e-15
131,1.32e-10,7.64876665780294e-15
132,1.33e-10,7.71441932823159e-15
133,1.34e-10,7.532642062618324e-15
134,1.35e-10,7.348588938112248e-15
135,1.3600000000000002e-10,7.214408216647366e-15
136,1.3700000000000002e-10,7.148188990187764e-15
137,1.3800000000000001e-10,7.19431596143731e-15
138,1.39e-10,7.18942452647336e-15
139,1.4e-10,7.336721574659712e-15
140,1.41e-10,7.307415931742624e-15
141,1.42e-10,7.1528015179836e-15
142,1.4300000000000002e-10,7.472627289265587e-15
143,1.4400000000000002e-10,7.2630694216066e-15
144,1.4500000000000002e-10,7.233721691369152e-15
145,1.46e-10,7.503248887944284e-15
146,1.47e-10,7.74794686810144e-15
147,1.48e-10,7.855032889348813e-15
148,1.49e-10,7.8651138521136e-15
149,1.5e-10,7.946113097705954e-15
150,1.5100000000000002e-10,7.791973369975352e-15
151,1.5200000000000002e-10,8.173885590533793e-15
152,1.5300000000000001e-10,8.457611304622137e-15
153,1.54e-10,8.26922574222083e-15
154,1.55e-10,7.963129791545381e-15
155,1.56e-10,8.130779385067441e-15
156,1.57e-10,8.140881221528923e-15
157,1.5800000000000002e-10,8.019006899802896e-15
158,1.5900000000000002e-10,8.23775992582142e-15
159,1.6000000000000002e-10,8.362846330386088e-15
160,1.61e-10,8.380156584289915e-15
161,1.62e-10,8.372577053213483e-15
162,1.63e-10,8.194588504146346e-15
163,1.64e-10,8.304175722770045e-15
164,1.6500000000000002e-10,8.453954624236288e-15
165,1.6600000000000002e-10,8.389703308728442e-15
166,1.6700000000000002e-10,8.427067470718403e-15
167,1.6800000000000001e-10,8.550512034612165e-15
168,1.69e-10,8.623623246469132e-15
169,1.7e-10,8.83286275970924e-15
170,1.71e-10,8.533156606333962e-15
171,1.72e-10,8.545214352641812e-15
172,1.7300000000000002e-10,8.280570118697758e-15
173,1.7400000000000002e-10,8.227125697983881e-15
174,1.7500000000000002e-10,8.207531637603663e-15
175,1.76e-10,8.348646606004219e-15
176,1.77e-10,8.321130824207686e-15
177,1.78e-10,8.458154824942413e-15
178,1.79e-10,8.290669446239993e-15
179,1.8000000000000002e-10,8.406569464443895e-15
180,1.8100000000000002e-10,8.475353194035132e-15
181,1.8200000000000002e-10,8.509063241873768e-15
182,1.8300000000000001e-10,8.521256451822342e-15
183,1.84e-10,8.664475412638845e-15
184,1.85e-10,8.606270181673509e-15
185,1.86e-10,8.610947186736658e-15
186,1.8700000000000003e-10,8.64722747587706e-15
187,1.8800000000000002e-10,8.596026109427723e-15
188,1.8900000000000002e-10,8.781041231030603e-15
189,1.9000000000000002e-10,8.412539002397979e-15
190,1.91e-10,8.76433944868896e-15
191,1.92e-10,8.992195467018786e-15
192,1.93e-10,9.221974511668171e-15
193,1.94e-10,9.552390139276466e-15
194,1.9500000000000002e-10,9.44065801560265e-15
195,1.9600000000000002e-10,9.252201688488668e-15
196,1.9700000000000002e-10,9.224874784615614e-15
197,1.9800000000000001e-10,9.091444748116635e-15
198,1.99e-10,9.016036152165457e-15
199,2e-10,9.17593012482157e-15
200,2.01e-10,9.015420582321618e-15
201,2.0200000000000003e-10,9.093618105984522e-15
202,2.0300000000000002e-10,9.518178838196061e-15
203,2.0400000000000002e-10,9.41223303545368e-15
204,2.0500000000000002e-10,9.56478904063755e-15
205,2.06e-10,9.633209160188516e-15
206,2.07e-10,9.744096430562668e-15
207,2.08e-10,9.41833736394599e-15
208,2.0900000000000003e-10,9.448237923325579e-15
209,2.1000000000000002e-10,9.451543413002378e-15
210,2.1100000000000002e-10,9.137251520859037e-15
211,2.1200000000000002e-10,9.220263699463081e-15
212,2.1300000000000001e-10,9.43440965192319e-15
213,2.14e-10,9.401114761306493e-15
214,2.15e-10,9.663997859687204e-15
215,2.1600000000000003e-10,9.759489945216738e-15
216,2.1700000000000003e-10,9.833687042719445e-15
217,2.1800000000000002e-10,9.822643387191518e-15
218,2.1900000000000002e-10,1.0178408671535481e-14
219,2.2000000000000002e-10,1.0372804219473384e-14
220,2.21e-10,1.0232342797451888e-14
221,2.22e-10,1.0188670590445425e-14
222,2.23e-10,1.0269201104394008e-14
223,2.2400000000000003e-10,1.03019467214449e-14
224,2.2500000000000002e-10,1.0691644068341829e-14
225,2.2600000000000002e-10,1.055933297212421e-14
226,2.2700000000000002e-10,1.0516166542705554e-14
227,2.2800000000000001e-10,1.0544838544541133e-14
228,2.29e-10,1.042866955802379e-14
229,2.3e-10,1.0300860406267059e-14
230,2.3100000000000003e-10,1.0446233536889435e-14
231,2.3200000000000003e-10,1.052180578853016e-14
232,2.33e-10,1.0645979015106389e-14
233,2.34e-10,1.0714994684272462e-14
234,2.35e-10,1.0873696061220985e-14
235,2.36e-10,1.0886148286914756e-14
236,2.37e-10,1.0964930707206308e-14
237,2.38e-10,1.1048661415611733e-14
238,2.39e-10,1.1004535373202216e-14
239,2.4e-10,1.1257001150660517e-14
240,2.41e-10,1.1079535382256149e-14
241,2.4200000000000004e-10,1.1440525703143672e-14
242,2.4300000000000004e-10,1.1521357287084119e-14
243,2.4400000000000004e-10,1.1499321158924106e-14
244,2.4500000000000003e-10,1.1934395071963465e-14
245,2.4600000000000003e-10,1.1711947971038393e-14
246,2.4700000000000003e-10,1.1721115765123218e-14
247,2.48e-10,1.1777476261077721e-14
248,2.49e-10,1.1742061797357778e-14
249,2.5e-10,1.1650984672461996e-14
250,2.51e-10,1.1639713177483188e-14
251,2.52e-10,1.171646466502803e-14
252,2.53e-10,1.1665145360703254e-14
253,2.54e-10,1.2045960535025189e-14
254,2.55e-10,1.1956294020488763e-14
255,2.56e-10,1.1720029603724102e-14
256,2.5700000000000004e-10,1.1557870885526529e-14
257,2.5800000000000004e-10,1.1892970794559078e-14
258,2.5900000000000004e-10,1.2179921340057743e-14
259,2.6000000000000003e-10,1.2153883225454797e-14
260,2.6100000000000003e-10,1.184923752320346e-14
261,2.62e-10,1.1956394242028013e-14
262,2.63e-10,1.1995360958664873e-14
263,2.64e-10,1.2238799929569959e-14
264,2.65e-10,1.2383437290860986e-14
265,2.66e-10,1.240107036977891e-14
266,2.67e-10,1.2156718643204327e-14
267,2.68e-10,1.2109196540013915e-14
268,2.69e-10,1.1634788665347968e-14
269,2.7e-10,1.1590549423349208e-14
270,2.7100000000000005e-10,1.1429355781803247e-14
271,2.7200000000000004e-10,1.1807140413954204e-14
272,2.7300000000000004e-10,1.1791439133959256e-14
273,2.7400000000000004e-10,1.1632114178077328e-14
274,2.7500000000000003e-10,1.1639659125766357e-14
275,2.7600000000000003e-10,1.1663310717079166e-14
276,2.77e-10,1.1833025701497354e-14
277,2.78e-10,1.1911446180889616e-14
278,2.79e-10,1.2215489596924331e-14
279,2.8e-10,1.2322163690757906e-14
280,2.81e-10,1.2238060853585542e-14
281,2.82e-10,1.2284838311708842e-14
282,2.83e-10,1.2279824269108597e-14
283,2.84e-10,1.250933210920658e-14
284,2.85e-10,1.2622682562376715e-14
285,2.8600000000000005e-10,1.2464565913666969e-14
286,2.8700000000000004e-10,1.247584572427104e-14
287,2.8800000000000004e-10,1.2881679850112376e-14
288,2.8900000000000004e-10,1.3045792991036726e-14
289,2.9000000000000003e-10,1.2978248625406017e-14
290,2.9100000000000003e-10,1.3087224392173522e-14
291,2.92e-10,1.3098564319348521e-14
292,2.93e-10,1.3204208593899511e-14
293,2.94e-10,1.3531055764599645e-14
294,2.95e-10,1.3153385181027606e-14
295,2.96e-10,1.2993245064575017e-14
296,2.97e-10,1.3359494620632833e-14
297,2.98e-10,1.3594554359034339e-14
298,2.99e-10,1.3639333948684075e-14
299,3e-10,1.373428060158418e-14
300,3.0100000000000005e-10,1.3830209901831698e-14
301,3.0200000000000004e-10,1.4002639464466644e-14
302,3.0300000000000004e-10,1.3534309777006311e-14
303,3.0400000000000004e-10,1.3699540236919752e-14
304,3.0500000000000003e-10,1.3667924767041503e-14
305,3.0600000000000003e-10,1.3923023093775561e-14
306,3.07e-10,1.4037660570431852e-14
307,3.08e-10,1.377547548796391e-14
308,3.09e-10,1.3942341670337416e-14
309,3.1e-10,1.4102677717605566e-14
310,3.11e-10,1.4291763567943835e-14
311,3.12e-10,1.4568284045789098e-14
312,3.13e-10,1.461151391570109e-14
313,3.14e-10,1.5041968875749946e-14
314,3.1500000000000005e-10,1.511397280777228e-14
315,3.1600000000000005e-10,1.5234125990665842e-14
316,3.1700000000000004e-10,1.5118593699745558e-14
317,3.1800000000000004e-10,1.5098217627484702e-14
318,3.1900000000000004e-10,1.4968731087435465e-14
319,3.2000000000000003e-10,1.5269917499109953e-14
320,3.2100000000000003e-10,1.538845005413329e-14
321,3.22e-10,1.5430103618034036e-14
322,3.23e-10,1.5680709179364738e-14
323,3.24e-10,1.5712258285046817e-14
324,3.25e-10,1.570793650934925e-14
325,3.26e-10,1.6071880531195707e-14
326,3.27e-10,1.6005581965595725e-14
327,3.28e-10,1.5814582722868948e-14
328,3.29e-10,1.5808877236450143e-14
329,3.3000000000000005e-10,1.5622473765744252e-14
330,3.3100000000000005e-10,1.6031466432512836e-14
331,3.3200000000000004e-10,1.5829157127420424e-14
332,3.3300000000000004e-10,1.5774979380965056e-14
333,3.3400000000000004e-10,1.5520135500393775e-14
334,3.3500000000000003e-10,1.5640038796554397e-14
335,3.3600000000000003e-10,1.5662089479113957e-14
336,3.37e-10,1.593002906734018e-14
337,3.38e-10,1.581213550348916e-14
338,3.39e-10,1.557905377309558e-14
339,3.4e-10,1.5503336151716007e-14
340,3.41e-10,1.578278571063572e-14
341,3.42e-10,1.5761947261015204e-14
342,3.43e-10,1.633638973359188e-14
343,3.44e-10,1.6159062495748503e-14
344,3.4500000000000005e-10,1.6013833957278537e-14
345,3.4600000000000005e-10,1.6058128418370105e-14
346,3.4700000000000004e-10,1.6143523871580268e-14
347,3.4800000000000004e-10,1.630950958784593e-14
348,3.4900000000000004e-10,1.6513954607398192e-14
349,3.5000000000000003e-10,1.6721933993588343e-14
350,3.5100000000000003e-10,1.6917410671885822e-14
351,3.52e-10,1.682563735061645e-14
352,3.53e-10,1.6646427955709578e-14
353,3.54e-10,1.6671947789464866e-14
354,3.55e-10,1.6891098038131544e-14
355,3.56e-10,1.6647308003413037e-14
356,3.57e-10,1.648177195685389e-14
357,3.58e-10,1.636952756912385e-14
358,3.5900000000000005e-10,1.6600756416655008e-14
359,3.6000000000000005e-10,1.6992302671448553e-14
360,3.6100000000000005e-10,1.7467899373086016e-14
361,3.6200000000000004e-10,1.763784868979485e-14
362,3.6300000000000004e-10,1.7557869224645e-14
363,3.6400000000000004e-10,1.810871844731668e-14
364,3.6500000000000003e-10,1.8379979926947416e-14
365,3.6600000000000003e-10,1.8450974589344257e-14
366,3.67e-10,1.8208615061373056e-14
367,3.68e-10,1.832475245472719e-14
368,3.69e-10,1.8098361374111133e-14
369,3.7e-10,1.8327231814049094e-14
370,3.71e-10,1.8566649078985652e-14
371,3.72e-10,1.865909319077783e-14
372,3.73e-10,1.8684577367009154e-14
373,3.7400000000000005e-10,1.8365465000415904e-14
374,3.7500000000000005e-10,1.8356148367936445e-14
375,3.7600000000000005e-10,1.8583870875280588e-14
376,3.7700000000000004e-10,1.8780752201686493e-14
377,3.7800000000000004e-10,1.8745210964844543e-14
378,3.7900000000000004e-10,1.9166225121589444e-14
379,3.8000000000000003e-10,1.953257843181535e-14
380,3.8100000000000003e-10,1.9479001058241553e-14
381,3.82e-10,1.9314502288810398e-14
382,3.83e-10,1.9651156670662607e-14
383,3.84e-10,1.9993154450282318e-14
384,3.85e-10,1.9917419744174484e-14
385,3.86e-10,1.9734096285124228e-14
386,3.87e-10,1.9945060777966117e-14
387,3.88e-10,2.0271463482173145e-14
388,3.8900000000000005e-10,2.0245482102718072e-14
389,3.9000000000000005e-10,2.000997524064518e-14
390,3.9100000000000005e-10,2.051250619238762e-14
391,3.9200000000000004e-10,2.0697778338383238e-14
392,3.9300000000000004e-10,2.0381255554820994e-14
393,3.9400000000000004e-10,2.037116334179301e-14
394,3.9500000000000003e-10,2.002533973859646e-14
395,3.9600000000000003e-10,1.9601518773018538e-14
396,3.97e-10,2.0049384371517e-14
397,3.98e-10,2.0201245574734342e-14
398,3.99e-10,2.0269062768833223e-14
399,4e-10,1.9906994384027778e-14
400,4.01e-10,1.9886817518098753e-14
401,4.02e-10,1.9809290965389657e-14
402,4.0300000000000006e-10,2.0182245503987924e-14
403,4.0400000000000005e-10,1.99774353934239e-14
404,4.0500000000000005e-10,2.0394182001794425e-14
405,4.0600000000000005e-10,2.0326952521119892e-14
406,4.0700000000000004e-10,1.979807498294691e-14
407,4.0800000000000004e-10,1.982845081739283e-14
408,4.0900000000000004e-10,1.9765970045170775e-14
409,4.1000000000000003e-10,2.023807064550706e-14
410,4.1100000000000003e-10,2.012773714209462e-14
411,4.12e-10,2.007585379962287e-14
412,4.13e-10,2.0302163472606835e-14
413,4.14e-10,2.0375506710549805e-14
414,4.15e-10,2.0322683673024726e-14
415,4.16e-10,2.0214793454715208e-14
416,4.17e-10,2.0187859537274988e-14
417,4.1800000000000006e-10,1.9806530819151734e-14
418,4.1900000000000005e-10,2.0048365542110835e-14
419,4.2000000000000005e-10,2.036277153551896e-14
420,4.2100000000000005e-10,2.0535257778254054e-14
421,4.2200000000000004e-10,2.0528365121586232e-14
422,4.2300000000000004e-10,2.0669398776333065e-14
423,4.2400000000000004e-10,2.072663798991709e-14
424,4.2500000000000003e-10,2.08543900595086e-14
425,4.2600000000000003e-10,2.0766492921770276e-14
426,4.27e-10,2.0854228634989272e-14
427,4.28e-10,2.0886401861010828e-14
428,4.29e-10,2.073423928006125e-14
429,4.3e-10,2.0834477884433524e-14
430,4.31e-10,2.129197370864215e-14
431,4.3200000000000006e-10,2.1584789949858054e-14
432,4.3300000000000006e-10,2.160518355903196e-14
433,4.3400000000000005e-10,2.1547365828174938e-14
434,4.3500000000000005e-10,2.157745490251965e-14
435,4.3600000000000005e-10,2.200939350581658e-14
436,4.3700000000000004e-10,2.205960155597899e-14
437,4.3800000000000004e-10,2.1886391860627632e-14
438,4.3900000000000003e-10,2.1293078860854098e-14
439,4.4000000000000003e-10,2.163331519710361e-14
440,4.4100000000000003e-10,2.1735476979004566e-14
441,4.42e-10,2.2019411006877866e-14
442,4.43e-10,2.2059316976890726e-14
443,4.44e-10,2.1792053405348818e-14
444,4.45e-10,2.1712619348956425e-14
445,4.46e-10,2.1642925888639898e-14
446,4.4700000000000006e-10,2.2326650606277987e-14
447,4.4800000000000006e-10,2.2606910323369946e-14
448,4.4900000000000005e-10,2.2571488677765528e-14
449,4.5000000000000005e-10,2.2701560421899278e-14
450,4.5100000000000005e-10,2.2970086336640316e-14
451,4.5200000000000004e-10,2.342990798696719e-14
452,4.5300000000000004e-10,2.3299158291217185e-14
453,4.5400000000000003e-10,2.312275345217855e-14
454,4.5500000000000003e-10,2.2907243666214587e-14
455,4.5600000000000003e-10,2.3537105001602805e-14
456,4.57e-10,2.3488094064477415e-14
457,4.58e-10,2.3185763360702802e-14
458,4.59e-10,2.30839998613484e-14
459,4.6e-10,2.3373016615580756e-14
460,4.61e-10,2.2952950864177755e-14
461,4.6200000000000006e-10,2.3053071061117017e-14
462,4.6300000000000006e-10,2.328038170350037e-14
463,4.6400000000000005e-10,2.3359779993481983e-14
464,4.6500000000000005e-10,2.3383134706054527e-14
465,4.66e-10,2.303938322282202e-14
466,4.67e-10,2.3022364319098556e-14
467,4.68e-10,2.2942544105600206e-14
468,4.69e-10,2.3248002585160613e-14
469,4.7e-10,2.3122705135999865e-14
470,4.71e-10,2.282949466171471e-14
471,4.72e-10,2.319198784878367e-14
472,4.73e-10,2.331715369883915e-14
473,4.74e-10,2.3254073992658757e-14
474,4.75e-10,2.327632667386934e-14
475,4.76e-10,2.301786074454351e-14
476,4.77e-10,2.318224849897749e-14
477,4.78e-10,2.321402890061586e-14
478,4.79e-10,2.3200188538665928e-14
479,4.8e-10,2.3242674784937416e-14
480,4.81e-10,2.2715895353156326e-14
481,4.82e-10,2.268047268624552e-14
482,4.83e-10,2.315511059872729e-14
483,4.840000000000001e-10,2.296210122859495e-14
484,4.850000000000001e-10,2.2864598741117884e-14
485,4.860000000000001e-10,2.3169561450152375e-14
486,4.870000000000001e-10,2.3243624836765728e-14
487,4.880000000000001e-10,2.3843793972102796e-14
488,4.890000000000001e-10,2.3616174782914357e-14
489,4.900000000000001e-10,2.360228426154139e-14
490,4.910000000000001e-10,2.3919119719130232e-14
491,4.920000000000001e-10,2.4291718734435895e-14
492,4.930000000000001e-10,2.420600060458062e-14
493,4.940000000000001e-10,2.4545342151227992e-14
494,4.95e-10,2.430404063768759e-14
495,4.96e-10,2.3941757222916715e-14
496,4.97e-10,2.381714908534072e-14
497,4.98e-10,2.3632609075848515e-14
498,4.99e-10,2.376850223354565e-14
499,5e-10,2.4128435987323063e-14
500,5.01e-10,2.4081982718239934e-14
501,5.02e-10,2.4306220507951432e-14
502,5.03e-10,2.4418930418911882e-14
503,5.04e-10,2.4678956728340813e-14
504,5.05e-10,2.4648773880020694e-14
505,5.06e-10,2.4632679181439092e-14
506,5.07e-10,2.52722428306501e-14
507,5.08e-10,2.542784411168055e-14
508,5.09e-10,2.5522021573589373e-14
509,5.1e-10,2.569612761297105e-14
510,5.11e-10,2.5269781123457458e-14
511,5.12e-10,2.544154228407638e-14
512,5.130000000000001e-10,2.564716960137752e-14
513,5.140000000000001e-10,2.575159071406245e-14
514,5.150000000000001e-10,2.618655961258305e-14
515,5.160000000000001e-10,2.6297277024980177e-14
516,5.170000000000001e-10,2.6378787569010897e-14
517,5.180000000000001e-10,2.6206261080802354e-14
518,5.190000000000001e-10,2.6363492376754916e-14
519,5.200000000000001e-10,2.652802315784611e-14
520,5.210000000000001e-10,2.655307793185673e-14
521,5.220000000000001e-10,2.6696866576233648e-14
522,5.230000000000001e-10,2.6743907543143208e-14
523,5.24e-10,2.6829374738121113e-14
524,5.25e-10,2.6730829264076968e-14
525,5.26e-10,2.7197457270207097e-14
526,5.27e-10,2.6828864892237218e-14
527,5.28e-10,2.7461835280627868e-14
528,5.29e-10,2.7657646412648877e-14
529,5.3e-10,2.748657647172593e-14
530,5.31e-10,2.7829953733058606e-14
531,5.32e-10,2.772925552287605e-14
532,5.33e-10,2.7869996103011142e-14
533,5.34e-10,2.788643743388704e-14
534,5.35e-10,2.79582742204568e-14
535,5.36e-10,2.8309955999253267e-14
536,5.37e-10,2.8471698333484524e-14
537,5.38e-10,2.789886002519468e-14
538,5.39e-10,2.8233298324859692e-14
539,5.4e-10,2.78305838703599e-14
540,5.41e-10,2.7671320639145215e-14
541,5.420000000000001e-10,2.7789160614077245e-14
542,5.430000000000001e-10,2.7978892387100248e-14
543,5.440000000000001e-10,2.7941106299920402e-14
544,5.450000000000001e-10,2.774527709261243e-14
545,5.460000000000001e-10,2.834463823556141e-14
546,5.470000000000001e-10,2.860293248577079e-14
547,5.480000000000001e-10,2.8743356642291004e-14
548,5.490000000000001e-10,2.837570259772809e-14
549,5.500000000000001e-10,2.8151043269216297e-14
550,5.510000000000001e-10,2.821758889006778e-14
551,5.520000000000001e-10,2.7998181794794496e-14
552,5.530000000000001e-10,2.8359173074917693e-14
553,5.54e-10,2.8014692618886074e-14
554,5.55e-10,2.7929172206225534e-14
555,5.56e-10,2.8071923793738112e-14
556,5.57e-10,2.828264045387077e-14
557,5.58e-10,2.8186738306919182e-14
558,5.59e-10,2.7893241728686758e-14
559,5.6e-10,2.817181754059312e-14
560,5.61e-10,2.8311037385317384e-14
561,5.62e-10,2.8458621814300226e-14
562,5.63e-10,2.8610845612872534e-14
563,5.64e-10,2.888803366336707e-14
564,5.65e-10,2.893616859044216e-14
565,5.66e-10,2.897257739293673e-14
566,5.67e-10,2.8937265219652205e-14
567,5.68e-10,2.8917665445053495e-14
568,5.69e-10,2.866900489335477e-14
569,5.7e-10,2.847290651549247e-14
570,5.71e-10,2.785030996384333e-14
571,5.720000000000001e-10,2.799642077260658e-14
572,5.730000000000001e-10,2.8617891718751583e-14
573,5.740000000000001e-10,2.867210910607003e-14
574,5.750000000000001e-10,2.880640370478015e-14
575,5.760000000000001e-10,2.8737059711689715e-14
576,5.770000000000001e-10,2.905934028187987e-14
577,5.780000000000001e-10,2.903259783277313e-14
578,5.790000000000001e-10,2.906992989936676e-14
579,5.800000000000001e-10,2.893637146371404e-14
580,5.810000000000001e-10,2.9419602195249446e-14
581,5.820000000000001e-10,2.971123973591226e-14
582,5.830000000000001e-10,2.954827854423702e-14
583,5.84e-10,2.941615219309258e-14
584,5.85e-10,2.913542201181709e-14
585,5.86e-10,2.886576468320239e-14
586,5.87e-10,2.8988783006683567e-14
587,5.88e-10,2.8875958252649676e-14
588,5.89e-10,2.897448819927221e-14
589,5.9e-10,2.829535282381769e-14
590,5.91e-10,2.851316618175015e-14
591,5.92e-10,2.8618406469592714e-14
592,5.93e-10,2.844203200438202e-14
593,5.94e-10,2.824080486213553e-14
594,5.95e-10,2.8262970075466204e-14
595,5.96e-10,2.8117612606532278e-14
596,5.97e-10,2.823153346430732e-14
597,5.98e-10,2.749433893182051e-14
598,5.99e-10,2.773717075452913e-14
599,6e-10,2.7853541047224917e-14
600,6.010000000000001e-10,2.8161010112158383e-14
601,6.020000000000001e-10,2.833493110772263e-14
602,6.030000000000001e-10,2.84453734686777e-14
603,6.040000000000001e-10,2.8708736040978767e-14
604,6.050000000000001e-10,2.9074362171117707e-14
605,6.060000000000001e-10,2.8822104483402253e-14
606,6.070000000000001e-10,2.8662587489941164e-14
607,6.080000000000001e-10,2.8856427619297806e-14
608,6.090000000000001e-10,2.9366012756149624e-14
609,6.100000000000001e-10,2.921953433041205e-14
610,6.110000000000001e-10,2.9913284596538716e-14
611,6.120000000000001e-10,2.9655928807633596e-14
612,6.130000000000001e-10,2.999337909115693e-14
613,6.14e-10,3.021989820401619e-14
614,6.15e-10,3.003685501569002e-14
615,6.16e-10,2.966007501126071e-14
616,6.17e-10,2.942394806603338e-14
617,6.18e-10,2.9918525635064805e-14
618,6.19e-10,3.0041330265905363e-14
619,6.2e-10,3.0210516022609744e-14
620,6.21e-10,2.98281724853032e-14
621,6.22e-10,2.9483067007170923e-14
622,6.23e-10,2.9704379752034186e-14
623,6.24e-10,2.996847744023555e-14
624,6.25e-10,3.017807990062056e-14
625,6.26e-10,3.0620560074888055e-14
626,6.27e-10,3.0091199975550575e-14
627,6.28e-10,3.004867772480766e-14
628,6.29e-10,3.002666206528484e-14
629,6.300000000000001e-10,2.964754511693593e-14
630,6.310000000000001e-10,2.968714509978571e-14
631,6.320000000000001e-10,2.96520000411767e-14
632,6.330000000000001e-10,2.9906785695539557e-14
633,6.340000000000001e-10,2.973301912942397e-14
634,6.350000000000001e-10,3.0046078251698663e-14
635,6.360000000000001e-10,2.9934097996061393e-14
636,6.370000000000001e-10,2.9716403677645537e-14
637,6.380000000000001e-10,2.927057611371866e-14
638,6.390000000000001e-10,2.936312309738124e-14
639,6.400000000000001e-10,2.9315787804909936e-14
640,6.410000000000001e-10,2.968144018527024e-14
641,6.420000000000001e-10,2.9578523716446806e-14
642,6.430000000000001e-10,2.96709480669079e-14
643,6.44e-10,2.940262944509681e-14
644,6.45e-10,2.9341380794611735e-14
645,6.46e-10,2.899847470430382e-14
646,6.47e-10,2.894288969472625e-14
647,6.48e-10,2.9134293669743995e-14
648,6.49e-10,2.9101349709655857e-14
649,6.5e-10,2.896832164868833e-14
650,6.51e-10,2.9130207426311236e-14
651,6.52e-10,2.9562908296208683e-14
652,6.53e-10,2.98759496088136e-14
653,6.54e-10,3.0075729759040084e-14
654,6.55e-10,3.006220648696037e-14
655,6.56e-10,3.037974735298174e-14
656,6.57e-10,3.0522785658542064e-14
657,6.58e-10,3.0247936658549335e-14
658,6.590000000000001e-10,2.960233149159485e-14
659,6.600000000000001e-10,2.970491745659143e-14
660,6.610000000000001e-10,2.976861720200616e-14
661,6.620000000000001e-10,3.029287620389406e-14
662,6.630000000000001e-10,3.045887119064658e-14
663,6.640000000000001e-10,3.04074532068301e-14
664,6.650000000000001e-10,3.073412613778874e-14
665,6.660000000000001e-10,3.0768760207779936e-14
666,6.670000000000001e-10,3.1004538804155395e-14
667,6.680000000000001e-10,3.0972086006254344e-14
668,6.690000000000001e-10,3.0906562925190766e-14
669,6.700000000000001e-10,3.071515073843711e-14
670,6.710000000000001e-10,3.116065406408761e-14
671,6.720000000000001e-10,3.1237427291207855e-14
672,6.730000000000001e-10,3.136542234793592e-14
673,6.74e-10,3.1171144745260623e-14
674,6.75e-10,3.1213130190015985e-14
675,6.76e-10,3.109540805127022e-14
676,6.77e-10,3.0839801101023417e-14
677,6.78e-10,3.0584146865178855e-14
678,6.79e-10,3.033249966640092e-14
679,6.8e-10,3.081065079862212e-14
680,6.81e-10,3.066753137739574e-14
681,6.82e-10,3.018998010445387e-14
682,6.83e-10,3.07301357648428e-14
683,6.84e-10,3.080720427078215e-14
684,6.85e-10,3.0648083722149316e-14
685,6.86e-10,3.0632168267424376e-14
686,6.87e-10,3.083349877892021e-14
687,6.88e-10,3.087331140718938e-14
688,6.890000000000001e-10,3.048664877057373e-14
689,6.900000000000001e-10,3.039315209543648e-14
690,6.910000000000001e-10,3.052385975199893e-14
691,6.920000000000001e-10,3.054026881804864e-14
692,6.930000000000001e-10,3.065891754321254e-14
693,6.940000000000001e-10,3.057456901733406e-14
694,6.950000000000001e-10,3.017654382143064e-14
695,6.960000000000001e-10,2.996022607322205e-14
696,6.970000000000001e-10,3.002802902914001e-14
697,6.980000000000001e-10,3.010263322277189e-14
698,6.990000000000001e-10,3.044289633716634e-14
699,7.000000000000001e-10,2.984472935629099e-14
700,7.010000000000001e-10,2.960087168592435e-14
701,7.020000000000001e-10,2.958432202777312e-14
702,7.030000000000001e-10,2.9611099269516945e-14
703,7.04e-10,3.019612558396067e-14
704,7.05e-10,3.0418832269178116e-14
705,7.06e-10,3.0298279574130116e-14
706,7.07e-10,2.9937526437118796e-14
707,7.08e-10,3.0275748259380785e-14
708,7.09e-10,3.018669283647043e-14
709,7.1e-10,3.0348817926021744e-14
710,7.11e-10,3.057570752399583e-14
711,7.12e-10,3.0796278024547344e-14
712,7.13e-10,3.106311468429892e-14
713,7.14e-10,3.115792532332523e-14
714,7.15e-10,3.091871993032649e-14
715,7.16e-10,3.127046335275867e-14
716,7.17e-10,3.149342612218379e-14
717,7.180000000000001e-10,3.083251870545218e-14
718,7.190000000000001e-10,3.095722920662041e-14
719,7.200000000000001e-10,3.1616867565685823e-14
720,7.210000000000001e-10,3.173016297788719e-14
721,7.220000000000001e-10,3.150632797613253e-14
722,7.230000000000001e-10,3.151763286252195e-14
723,7.240000000000001e-10,3.109702280627647e-14
724,7.250000000000001e-10,3.164491638173017e-14
725,7.260000000000001e-10,3.1752025029778015e-14
726,7.270000000000001e-10,3.153984387037645e-14
727,7.280000000000001e-10,3.182627600968382e-14
728,7.290000000000001e-10,3.2061061521666676e-14
729,7.300000000000001e-10,3.1628365521950945e-14
730,7.310000000000001e-10,3.1523266760418626e-14
731,7.320000000000001e-10,3.153228280172588e-14
732,7.330000000000001e-10,3.139213184703682e-14
733,7.34e-10,3.213199300903584e-14
734,7.35e-10,3.2234724453007294e-14
735,7.36e-10,3.2521497863108745e-14
736,7.37e-10,3.2320050270665155e-14
737,7.38e-10,3.2564974242039934e-14
738,7.39e-10,3.220422567033598e-14
739,7.4e-10,3.2465933700616513e-14
740,7.41e-10,3.2750356962709925e-14
741,7.42e-10,3.242740413709583e-14
742,7.43e-10,3.30003721982315e-14
743,7.44e-10,3.2628823098865576e-14
744,7.45e-10,3.203819935762223e-14
745,7.46e-10,3.2239064605869473e-14
746,7.470000000000001e-10,3.199088455577472e-14
747,7.480000000000001e-10,3.218965940850927e-14
748,7.490000000000001e-10,3.224021252843384e-14
749,7.500000000000001e-10,3.251161344197719e-14
750,7.510000000000001e-10,3.2595093674134505e-14
751,7.520000000000001e-10,3.286976777600914e-14
752,7.530000000000001e-10,3.313701024243434e-14
753,7.540000000000001e-10,3.3093528320643777e-14
754,7.550000000000001e-10,3.3155494927688703e-14
755,7.560000000000001e-10,3.329684626472828e-14
756,7.570000000000001e-10,3.3493909753491766e-14
757,7.580000000000001e-10,3.318737415322253e-14
758,7.590000000000001e-10,3.3335403147902074e-14
759,7.600000000000001e-10,3.320749897303339e-14
760,7.610000000000001e-10,3.3121063168971797e-14
761,7.620000000000001e-10,3.3284736609783337e-14
762,7.630000000000001e-10,3.29183915387323e-14
763,7.64e-10,3.281664414914993e-14
764,7.65e-10,3.252710529851082e-14
765,7.66e-10,3.277516868823432e-14
766,7.67e-10,3.248651734965658e-14
767,7.68e-10,3.2544497398510155e-14
768,7.69e-10,3.2516217164393346e-14
769,7.7e-10,3.26792098661889e-14
770,7.71e-10,3.249476383908375e-14
771,7.72e-10,3.275957548423837e-14
772,7.73e-10,3.3010850297511e-14
773,7.74e-10,3.290718533418456e-14
774,7.75e-10,3.29665664988533e-14
775,7.76e-10,3.316591709964024e-14
776,7.770000000000001e-10,3.339997857408905e-14
777,7.780000000000001e-10,3.298924913397579e-14
778,7.790000000000001e-10,3.3316179809700544e-14
779,7.800000000000001e-10,3.3010324061573126e-14
780,7.810000000000001e-10,3.255635258529226e-14
781,7.820000000000001e-10,3.276474374160431e-14
782,7.830000000000001e-10,3.25712953484907e-14
783,7.840000000000001e-10,3.2862349879039165e-14
784,7.850000000000001e-10,3.314113570105907e-14
785,7.860000000000001e-10,3.297013894978374e-14
786,7.870000000000001e-10,3.3009342668468597e-14
787,7.880000000000001e-10,3.3371265634030134e-14
788,7.890000000000001e-10,3.316421283975246e-14
789,7.900000000000001e-10,3.2981555823421204e-14
790,7.910000000000001e-10,3.274169579700527e-14
791,7.920000000000001e-10,3.275230614580201e-14
792,7.930000000000001e-10,3.282635274124379e-14
793,7.94e-10,3.283697037003221e-14
794,7.95e-10,3.2942592400098036e-14
795,7.96e-10,3.329727644660326e-14
796,7.97e-10,3.347031710680821e-14
797,7.98e-10,3.338005754229076e-14
798,7.99e-10,3.350128493289908e-14
799,8e-10,3.383736888114077e-14
800,8.01e-10,3.358124817580086e-14
801,8.02e-10,3.400281016899628e-14
802,8.03e-10,3.391640284461689e-14
803,8.04e-10,3.409483883101543e-14
804,8.05e-10,3.387997801771427e-14
805,8.060000000000001e-10,3.42665738096325e-14
806,8.070000000000001e-10,3.3869114927457184e-14
807,8.080000000000001e-10,3.3888194279823205e-14
808,8.090000000000001e-10,3.42177866543008e-14
809,8.100000000000001e-10,3.386125055195526e-14
810,8.110000000000001e-10,3.4088685791781476e-14
811,8.120000000000001e-10,3.376524974643354e-14
812,8.130000000000001e-10,3.383890622550402e-14
813,8.140000000000001e-10,3.3176957467508806e-14
814,8.150000000000001e-10,3.363749799723462e-14
815,8.160000000000001e-10,3.3577698727697186e-14
816,8.170000000000001e-10,3.396723525650561e-14
817,8.180000000000001e-10,3.3776658499208824e-14
818,8.190000000000001e-10,3.31644852056941e-14
819,8.200000000000001e-10,3.2956844106393405e-14
820,8.210000000000001e-10,3.295868966923573e-14
821,8.220000000000001e-10,3.301648814376745e-14
822,8.230000000000001e-10,3.3043153318545546e-14
823,8.24e-10,3.327003127151328e-14
824,8.25e-10,3.2845192589393223e-14
825,8.26e-10,3.303446846789764e-14
826,8.27e-10,3.312474427927464e-14
827,8.28e-10,3.3277199118114544e-14
828,8.29e-10,3.304693625293788e-14
829,8.3e-10,3.3439931560851585e-14
830,8.31e-10,3.322130240038837e-14
831,8.32e-10,3.3292810506002965e-14
832,8.33e-10,3.351341263465272e-14
833,8.34e-10,3.392176914555802e-14
834,8.350000000000001e-10,3.399504098805695e-14
835,8.360000000000001e-10,3.3526278884123424e-14
836,8.370000000000001e-10,3.3388247759167e-14
837,8.380000000000001e-10,3.3604214167960366e-14
838,8.390000000000001e-10,3.337023329996277e-14
839,8.400000000000001e-10,3.368746663533163e-14
840,8.410000000000001e-10,3.386324677576124e-14
841,8.420000000000001e-10,3.4368589261969326e-14
842,8.430000000000001e-10,3.441885858116988e-14
843,8.440000000000001e-10,3.411329712605788e-14
844,8.450000000000001e-10,3.449858708443558e-14
845,8.460000000000001e-10,3.448531001240461e-14
846,8.470000000000001e-10,3.489186827355287e-14
847,8.480000000000001e-10,3.520373865847251e-14
848,8.490000000000001e-10,3.503980792154507e-14
849,8.500000000000001e-10,3.5535791230937925e-14
850,8.510000000000001e-10,3.5514932181320986e-14
851,8.520000000000001e-10,3.547994173601002e-14
852,8.530000000000001e-10,3.579359259752845e-14
853,8.54e-10,3.636970826850145e-14
854,8.55e-10,3.664895652848543e-14
855,8.56e-10,3.680078029002152e-14
856,8.57e-10,3.681082653997232e-14
857,8.58e-10,3.684609265847726e-14
858,8.59e-10,3.6907595856536886e-14
859,8.6e-10,3.641782292071571e-14
860,8.61e-10,3.681312259641282e-14
861,8.62e-10,3.659803542324874e-14
862,8.63e-10,3.6757362968109945e-14
863,8.640000000000001e-10,3.6637937405220986e-14
864,8.650000000000001e-10,3.6833411601529346e-14
865,8.660000000000001e-10,3.698392429466425e-14
866,8.670000000000001e-10,3.712589735287339e-14
867,8.680000000000001e-10,3.746504708974025e-14
868,8.690000000000001e-10,3.721243676649332e-14
869,8.700000000000001e-10,3.7438777735213184e-14
870,8.710000000000001e-10,3.7578756459478054e-14
871,8.720000000000001e-10,3.7644767920584626e-14
872,8.730000000000001e-10,3.795520273739637e-14
873,8.740000000000001e-10,3.8359893346579905e-14
874,8.750000000000001e-10,3.8318897980765726e-14
875,8.760000000000001e-10,3.8113691890888375e-14
876,8.770000000000001e-10,3.832210638050312e-14
877,8.780000000000001e-10,3.838415138146745e-14
878,8.790000000000001e-10,3.8245582815654125e-14
879,8.800000000000001e-10,3.813589372939777e-14
880,8.810000000000001e-10,3.829782415534076e-14
881,8.820000000000001e-10,3.822744618491477e-14
882,8.830000000000001e-10,3.782015714576011e-14
883,8.84e-10,3.8069480031797463e-14
884,8.85e-10,3.786750520160684e-14
885,8.86e-10,3.791482749812248e-14
886,8.87e-10,3.816390272809535e-14
887,8.88e-10,3.818983252323551e-14
888,8.89e-10,3.8324630238687216e-14
889,8.9e-10,3.785222417595569e-14
890,8.91e-10,3.706057807775943e-14
891,8.92e-10,3.696049312751107e-14
892,8.93e-10,3.6705832161449776e-14
893,8.940000000000001e-10,3.656288759366084e-14
894,8.950000000000001e-10,3.683555893759627e-14
895,8.960000000000001e-10,3.6992174523496006e-14
896,8.970000000000001e-10,3.7286296769418257e-14
897,8.980000000000001e-10,3.7702760891529304e-14
898,8.990000000000001e-10,3.7454274458132714e-14
899,9.000000000000001e-10,3.804018872677016e-14
900,9.010000000000001e-10,3.8365590910708156e-14
901,9.020000000000001e-10,3.8175354074698796e-14
902,9.030000000000001e-10,3.7601213247818446e-14
903,9.040000000000001e-10,3.813018871337468e-14
904,9.050000000000001e-10,3.838314220809224e-14
905,9.060000000000001e-10,3.843447058556657e-14
906,9.070000000000001e-10,3.8564881405493344e-14
907,9.080000000000001e-10,3.931653474462354e-14
908,9.090000000000001e-10,3.8954258826212817e-14
909,9.100000000000001e-10,3.888649846885243e-14
910,9.110000000000001e-10,3.8321956620491226e-14
911,9.120000000000001e-10,3.840406541948952e-14
912,9.130000000000001e-10,3.8407288462374184e-14
913,9.14e-10,3.8104862625087984e-14
914,9.15e-10,3.799833337384722e-14
915,9.16e-10,3.785233510208674e-14
916,9.17e-10,3.8014761084525753e-14
917,9.18e-10,3.8257046954942677e-14
918,9.19e-10,3.8146388091172726e-14
919,9.2e-10,3.78826158439774e-14
920,9.21e-10,3.794312855636217e-14
921,9.22e-10,3.7908649449124643e-14
922,9.230000000000001e-10,3.802836228000987e-14
923,9.240000000000001e-10,3.810042361844404e-14
924,9.250000000000001e-10,3.8711248252824173e-14
925,9.260000000000001e-10,3.8786078530738035e-14
926,9.270000000000001e-10,3.8683205951806426e-14
927,9.280000000000001e-10,3.889637096037579e-14
928,9.290000000000001e-10,3.8921889901459655e-14
929,9.300000000000001e-10,3.890664007193704e-14
930,9.310000000000001e-10,3.8983700806610015e-14
931,9.32e-10,3.872440034155121e-14
932,9.33e-10,3.854699051378066e-14
933,9.34e-10,3.887556616838707e-14
934,9.35e-10,3.9003885833447796e-14
935,9.36e-10,3.9857006552636756e-14
936,9.37e-10,4.012369560902255e-14
937,9.38e-10,3.9822259775437444e-14
938,9.390000000000002e-10,3.971181955347175e-14
939,9.4e-10,3.985912933697261e-14
940,9.410000000000002e-10,3.93970087858329e-14
941,9.42e-10,3.908488693957079e-14
942,9.430000000000002e-10,3.961444636607815e-14
943,9.44e-10,3.973356651626323e-14
944,9.450000000000001e-10,3.954526539736546e-14
945,9.46e-10,3.9850781393333116e-14
946,9.470000000000001e-10,3.925122940692456e-14
947,9.48e-10,3.924293534275051e-14
948,9.490000000000001e-10,3.914295229149632e-14
949,9.5e-10,3.8819783252493714e-14
950,9.510000000000001e-10,3.917160240100283e-14
951,9.52e-10,3.917189629482551e-14
952,9.530000000000001e-10,3.962423532051577e-14
953,9.54e-10,3.930838643358795e-14
954,9.550000000000001e-10,3.91940905684048e-14
955,9.56e-10,3.952802946515959e-14
956,9.570000000000001e-10,3.9165057555874225e-14
957,9.58e-10,3.9388608821311785e-14
958,9.59e-10,3.976396322981533e-14
959,9.6e-10,3.9092882787279516e-14
960,9.61e-10,3.89503274870968e-14
961,9.62e-10,3.923796926364793e-14
962,9.63e-10,3.9565004776542153e-14
963,9.64e-10,3.935764699803461e-14
964,9.65e-10,3.896198514944437e-14
965,9.66e-10,3.9318101254941364e-14
966,9.67e-10,3.923188564299172e-14
967,9.680000000000002e-10,3.9706876536862296e-14
968,9.69e-10,3.980375333403768e-14
969,9.700000000000002e-10,3.990682998632112e-14
970,9.71e-10,3.991047598673607e-14
971,9.720000000000002e-10,3.9664055535631885e-14
972,9.73e-10,3.956395699158178e-14
973,9.740000000000002e-10,3.936510533516539e-14
974,9.75e-10,3.9115018576274594e-14
975,9.760000000000001e-10,3.885653624007444e-14
976,9.77e-10,3.833437685507466e-14
977,9.780000000000001e-10,3.8726443233041085e-14
978,9.79e-10,3.8815453550516867e-14
979,9.800000000000001e-10,3.884508743129007e-14
980,9.81e-10,3.8876152944898185e-14
981,9.820000000000001e-10,3.9102534189850424e-14
982,9.83e-10,3.8828621742787464e-14
983,9.840000000000001e-10,3.911166179933582e-14
984,9.85e-10,3.93217020776448e-14
985,9.860000000000001e-10,3.9318880465569944e-14
986,9.87e-10,3.938859375701319e-14
987,9.880000000000001e-10,3.9905588347572137e-14
988,9.89e-10,3.976041673691009e-14
989,9.9e-10,3.9837585520441904e-14
990,9.91e-10,4.011132750202475e-14
991,9.92e-10,3.980992642807107e-14
992,9.93e-10,3.962742067087189e-14
993,9.94e-10,3.918052779633713e-14
994,9.95e-10,3.945558684718983e-14
995,9.96e-10,3.977140306608737e-14
996,9.970000000000002e-10,4.010229976221883e-14
997,9.98e-10,4.01723596350446e-14
998,9.990000000000002e-10,3.965412215975708e-14
999,1e-09,4.004260554399318e-14
