,Time,PET,BUT
0,1e-12,5.020896051033034e-17,8.403094684355665e-17
1,2e-12,5.590269238031873e-17,1.1621244095929768e-16
2,3e-12,7.280597358832184e-17,1.1215075745251279e-16
3,4e-12,8.662199461688407e-17,1.413187932784255e-16
4,5.0000000000000005e-12,9.662012970129574e-17,1.5580722390129654e-16
5,6e-12,1.0089555517890655e-16,1.7866167413641533e-16
6,7.000000000000001e-12,1.0371871293798468e-16,1.851859638835479e-16
7,8e-12,1.0198976680031251e-16,1.7716203087109227e-16
8,9.000000000000001e-12,1.2265331219085742e-16,2.1848284002044783e-16
9,1.0000000000000001e-11,1.3017367040043123e-16,2.458357380646514e-16
10,1.1e-11,1.5071382463445735e-16,2.9170698776399645e-16
11,1.2e-11,1.5718579811316722e-16,2.850754880432704e-16
12,1.3e-11,1.3668992706132828e-16,2.822134169735975e-16
13,1.4000000000000002e-11,1.551117115863527e-16,3.068698471543053e-16
14,1.5e-11,1.6234575307007129e-16,3.195922577519194e-16
15,1.6e-11,1.829419433916084e-16,3.2449768501925947e-16
16,1.7000000000000003e-11,1.8174540777532785e-16,3.511419434179573e-16
17,1.8000000000000002e-11,1.9456343661887856e-16,3.907131982907138e-16
18,1.9000000000000002e-11,2.0694060774910704e-16,4.237025110836182e-16
19,2.0000000000000002e-11,2.297057648114549e-16,4.516114048202015e-16
20,2.1000000000000002e-11,2.1468271444824223e-16,4.648969722294805e-16
21,2.2e-11,2.39651191941528e-16,4.733339724818845e-16
22,2.3e-11,2.2604671277226908e-16,4.095208051459654e-16
23,2.4e-11,2.2497014465651183e-16,4.1105734223173696e-16
24,2.5e-11,2.2027975440876433e-16,4.209520807456233e-16
25,2.6e-11,2.54711977603113e-16,4.789965890536333e-16
26,2.7000000000000004e-11,2.320180563417333e-16,4.179189376673086e-16
27,2.8000000000000003e-11,2.1113392616325407e-16,3.9623262800693326e-16
28,2.9000000000000003e-11,2.204513953078764e-16,4.0588204162451465e-16
29,3e-11,2.417462519995319e-16,4.2712896229862727e-16
30,3.1e-11,2.305467198827128e-16,4.1356817811705944e-16
31,3.2e-11,2.3809282989413735e-16,4.522341085794089e-16
32,3.3e-11,2.5484736527734404e-16,4.33624670487091e-16
33,3.4000000000000005e-11,2.764255077013142e-16,4.2353918411083915e-16
34,3.5e-11,2.769561875121577e-16,4.64292263466522e-16
35,3.6000000000000005e-11,2.893379933444423e-16,4.814978997596289e-16
36,3.7e-11,3.0026954370649967e-16,4.74855067393523e-16
37,3.8000000000000004e-11,2.7633982425978465e-16,4.784114131315468e-16
38,3.9e-11,2.6936535617334113e-16,4.956144179131419e-16
39,4.0000000000000004e-11,2.7044095245342426e-16,4.3976448159405375e-16
40,4.1e-11,2.84510766405417e-16,4.600831630063592e-16
41,4.2000000000000004e-11,2.959858822728426e-16,4.455976783007656e-16
42,4.3e-11,2.735208966530234e-16,4.740192459698958e-16
43,4.4e-11,2.8752093436503507e-16,4.561951362810262e-16
44,4.5000000000000006e-11,3.04429086145912e-16,4.538466649230444e-16
45,4.6e-11,2.851732632878416e-16,5.04930380732801e-16
46,4.7000000000000006e-11,2.867438910447224e-16,5.002083370275458e-16
47,4.8e-11,2.8803795422498135e-16,5.230000341618422e-16
48,4.9000000000000005e-11,2.7864052165085447e-16,4.696966427926373e-16
49,5e-11,3.272958998932424e-16,5.281326022429723e-16
50,5.1000000000000005e-11,3.2858605333508806e-16,5.522216931105406e-16
51,5.2e-11,2.977537547550155e-16,5.228016258806039e-16
52,5.3000000000000004e-11,2.9982036590585134e-16,5.45378292948939e-16
53,5.400000000000001e-11,3.330373834278082e-16,5.78404221609791e-16
54,5.5000000000000004e-11,2.998863234286985e-16,5.867241172342952e-16
55,5.600000000000001e-11,2.984282811077679e-16,5.429340672201369e-16
56,5.7000000000000003e-11,2.950849334650242e-16,5.386740311213098e-16
57,5.8000000000000007e-11,3.2110537167620153e-16,6.063633849010605e-16
58,5.9e-11,3.2622815931506956e-16,6.349975538121083e-16
59,6e-11,3.216275956405942e-16,6.489615851221605e-16
60,6.100000000000001e-11,3.214898501270548e-16,6.920385271070074e-16
61,6.2e-11,3.489064350732835e-16,6.126701281794592e-16
62,6.3e-11,3.5499250076723637e-16,6.455571658366427e-16
63,6.4e-11,3.4653489247886226e-16,6.828802926106303e-16
64,6.500000000000001e-11,3.5455790062933866e-16,6.316512418251551e-16
65,6.6e-11,3.5007098802979396e-16,5.931557670955302e-16
66,6.7e-11,3.483001397578363e-16,5.755936973164141e-16
67,6.800000000000001e-11,3.6333316229145456e-16,5.90515977402273e-16
68,6.900000000000001e-11,3.789052705076989e-16,6.629354798427779e-16
69,7e-11,3.9244514502282296e-16,7.449797316842155e-16
70,7.1e-11,3.782209896643068e-16,7.40873753067434e-16
71,7.200000000000001e-11,3.569030694210964e-16,6.904410263286759e-16
72,7.3e-11,3.5128771047605976e-16,6.233048350564349e-16
73,7.4e-11,3.831501118723735e-16,6.668622534930729e-16
74,7.5e-11,3.5741784450916995e-16,6.266770085266206e-16
75,7.600000000000001e-11,3.783956755766103e-16,6.349713749024187e-16
76,7.7e-11,3.625785803372252e-16,6.367766489817084e-16
77,7.8e-11,3.8349880904956257e-16,6.62425428494035e-16
78,7.900000000000001e-11,3.718695789153963e-16,6.343631571136033e-16
79,8.000000000000001e-11,3.681088171422097e-16,6.5307091989401e-16
80,8.1e-11,4.018191109812026e-16,6.754686060569399e-16
81,8.2e-11,3.8066148616627275e-16,7.027258497632684e-16
82,8.300000000000001e-11,3.8274020199787263e-16,7.128053613246112e-16
83,8.400000000000001e-11,3.785945760521278e-16,7.183772437170378e-16
84,8.5e-11,3.9563114173764667e-16,6.380396160835839e-16
85,8.6e-11,3.6917466454735944e-16,6.674576138223906e-16
86,8.700000000000001e-11,3.9078878184101327e-16,6.7498635869761e-16
87,8.8e-11,3.8234816073783706e-16,7.106069291203742e-16
88,8.9e-11,3.959696058858059e-16,7.335568944762443e-16
89,9.000000000000001e-11,3.7979027263037036e-16,6.74554154077036e-16
90,9.100000000000001e-11,3.959433164983697e-16,6.887854568783134e-16
91,9.2e-11,4.0183473933510385e-16,7.451594464941839e-16
92,9.3e-11,3.893889296716124e-16,7.116721899176978e-16
93,9.400000000000001e-11,3.9053668763652844e-16,7.414752894979084e-16
94,9.500000000000001e-11,3.9382025574962095e-16,7.429443874046557e-16
95,9.6e-11,3.948213672893544e-16,7.531154632891534e-16
96,9.7e-11,3.7415196037665556e-16,7.053751852586383e-16
97,9.800000000000001e-11,3.9775899830479487e-16,7.021821928698754e-16
98,9.900000000000001e-11,3.968611695193673e-16,7.169633814455724e-16
99,1e-10,3.9968337875691235e-16,6.570918501575472e-16
100,1.0100000000000001e-10,3.84513751101588e-16,7.20250940897428e-16
101,1.0200000000000001e-10,4.047029098778763e-16,6.847750096074347e-16
102,1.03e-10,3.68555465840219e-16,6.467288049306811e-16
103,1.04e-10,3.936912816021036e-16,7.207729330916253e-16
104,1.0500000000000001e-10,3.941754602642199e-16,7.327054620250517e-16
105,1.0600000000000001e-10,3.893162157949517e-16,6.840866796905982e-16
106,1.07e-10,4.007075388306544e-16,7.115235596348636e-16
107,1.0800000000000001e-10,3.899160718813203e-16,6.969464382731895e-16
108,1.0900000000000001e-10,4.13788288968292e-16,6.899416981573935e-16
109,1.1000000000000001e-10,3.9030387024088316e-16,7.23356513618209e-16
110,1.11e-10,3.9366293399307145e-16,6.749998614748293e-16
111,1.1200000000000001e-10,4.039126454147922e-16,6.809746667866936e-16
112,1.1300000000000001e-10,3.9686716130752674e-16,7.127130624655905e-16
113,1.1400000000000001e-10,4.1062216641682047e-16,7.084246218074831e-16
114,1.15e-10,3.935082337428004e-16,7.208230176775176e-16
115,1.1600000000000001e-10,4.124805347541854e-16,7.434510498931238e-16
116,1.17e-10,4.0389991391863586e-16,7.252736945872638e-16
117,1.18e-10,3.7816348866801e-16,7.06903664318535e-16
118,1.19e-10,3.8839997135151754e-16,6.962113308356644e-16
119,1.2e-10,3.840703981130942e-16,7.21733699081844e-16
120,1.2100000000000002e-10,3.9264177936772994e-16,6.784473671061441e-16
121,1.2200000000000002e-10,3.857257913562405e-16,6.810248299991452e-16
122,1.2300000000000001e-10,3.8863829503814764e-16,6.768030664545508e-16
123,1.24e-10,3.8296340493468394e-16,6.985652568246068e-16
124,1.25e-10,3.714615711028629e-16,7.111190759828634e-16
125,1.26e-10,3.995530666926403e-16,7.375055022968541e-16
126,1.27e-10,3.744676192474e-16,7.377697190025196e-16
127,1.28e-10,4.0476381873456214e-16,7.103983114636147e-16
128,1.2900000000000002e-10,3.814568081179367e-16,7.050019693516175e-16
129,1.3000000000000002e-10,3.861832922780305e-16,6.815153823755596e-16
130,1.31e-10,3.7982808217906447e-16,6.847954114124988e-16
131,1.32e-10,3.85216336366817e-16,6.810032269552402e-16
132,1.33e-10,3.9380976997610765e-16,6.606801974196555e-16
133,1.34e-10,3.8491943306864117e-16,6.903034934238683e-16
134,1.35e-10,3.7613893811842704e-16,6.992920086937049e-16
135,1.3600000000000002e-10,4.140480366962326e-16,7.117885995856604e-16
136,1.3700000000000002e-10,3.9421730608762537e-16,6.828593904771331e-16
137,1.3800000000000001e-10,3.988159904712846e-16,6.879328817258218e-16
138,1.39e-10,4.0940290121405637e-16,7.158351936704621e-16
139,1.4e-10,4.035753768006519e-16,6.662557356463838e-16
140,1.41e-10,4.273758233594626e-16,7.185605883060905e-16
141,1.42e-10,4.3629233479942966e-16,7.45098518753091e-16
142,1.4300000000000002e-10,4.3370634747687155e-16,7.428426589521393e-16
143,1.4400000000000002e-10,4.287459658007863e-16,6.853984552261234e-16
144,1.4500000000000002e-10,4.1801370555688476e-16,7.238940672931203e-16
145,1.46e-10,4.1042812474402444e-16,6.975921535276308e-16
146,1.47e-10,4.051112042086278e-16,6.840961124060725e-16
147,1.48e-10,4.419660626992429e-16,7.027502225083065e-16
148,1.49e-10,4.11490425137811e-16,7.174614972097017e-16
149,1.5e-10,4.4145891632027925e-16,7.725825192655233e-16
150,1.5100000000000002e-10,4.207047310480845e-16,7.187956289191336e-16
151,1.5200000000000002e-10,4.460189226034013e-16,7.447764030785934e-16
152,1.5300000000000001e-10,4.395239253661977e-16,7.226046722680995e-16
153,1.54e-10,4.457982249124109e-16,7.566169722981304e-16
154,1.55e-10,4.2576215874514125e-16,7.049493194850908e-16
155,1.56e-10,4.0933647564447116e-16,7.067600954745247e-16
156,1.57e-10,4.190508789226553e-16,7.638503751712425e-16
157,1.5800000000000002e-10,4.095438797238309e-16,7.213028366265966e-16
158,1.5900000000000002e-10,4.443092146037539e-16,7.688617341453064e-16
159,1.6000000000000002e-10,4.2788200638237426e-16,7.416911275297535e-16
160,1.61e-10,4.1340530518642854e-16,7.572402883119597e-16
161,1.62e-10,4.406181443085733e-16,7.730836913816931e-16
162,1.63e-10,4.2185988217390377e-16,7.727069926066909e-16
163,1.64e-10,4.277189523177821e-16,7.3744470261968425e-16
164,1.6500000000000002e-10,4.514237243585154e-16,7.748293485279892e-16
165,1.6600000000000002e-10,4.223685821242315e-16,7.71302078997042e-16
166,1.6700000000000002e-10,4.1193650977501197e-16,7.563025117677923e-16
167,1.6800000000000001e-10,4.129386100088214e-16,7.591540761957757e-16
168,1.69e-10,4.257004746276637e-16,7.923195048904995e-16
169,1.7e-10,4.569416476817228e-16,7.752513683489973e-16
170,1.71e-10,4.4308090503353944e-16,7.839530816703436e-16
171,1.72e-10,4.4357081979412686e-16,7.69510955325147e-16
172,1.7300000000000002e-10,4.502941468644668e-16,8.142445088819989e-16
173,1.7400000000000002e-10,4.524832360487949e-16,7.969986535444173e-16
174,1.7500000000000002e-10,4.541695952753184e-16,7.792616660087707e-16
175,1.76e-10,4.4051183779132993e-16,7.475799625050903e-16
176,1.77e-10,4.620612542643761e-16,7.69888875612958e-16
177,1.78e-10,4.367799074746284e-16,7.472767245380953e-16
178,1.79e-10,4.746904336434198e-16,8.146445742244713e-16
179,1.8000000000000002e-10,4.924990774992586e-16,8.186236245849381e-16
180,1.8100000000000002e-10,4.523034381748781e-16,8.014485937323729e-16
181,1.8200000000000002e-10,4.579789410582139e-16,8.268426520401017e-16
182,1.8300000000000001e-10,4.653403720828392e-16,8.129280306504483e-16
183,1.84e-10,4.473003380945445e-16,8.085953373916094e-16
184,1.85e-10,4.685351888049802e-16,7.571620422799967e-16
185,1.86e-10,4.502934873580628e-16,7.714735439210986e-16
186,1.8700000000000003e-10,4.550732234444688e-16,7.768425083983896e-16
187,1.8800000000000002e-10,4.640545185359683e-16,8.229698354503267e-16
188,1.8900000000000002e-10,4.763716749176429e-16,8.139845325024409e-16
189,1.9000000000000002e-10,4.778005732962143e-16,7.999285217101464e-16
190,1.91e-10,4.777082095894641e-16,8.324189501591408e-16
191,1.92e-10,4.853454699886374e-16,8.834561190125513e-16
192,1.93e-10,4.680378956081445e-16,8.093109969041739e-16
193,1.94e-10,4.772651704550227e-16,7.778341228568727e-16
194,1.9500000000000002e-10,4.685389919116509e-16,7.864950380993456e-16
195,1.9600000000000002e-10,4.669133355340158e-16,7.649980496222625e-16
196,1.9700000000000002e-10,4.470375885994267e-16,7.407697439650674e-16
197,1.9800000000000001e-10,4.66550130398871e-16,7.172033622453206e-16
198,1.99e-10,4.66562432791286e-16,7.709255232367938e-16
199,2e-10,4.618700451447307e-16,7.569836749679699e-16
200,2.01e-10,4.715646452420409e-16,8.331968121329948e-16
201,2.0200000000000003e-10,4.800466125789479e-16,7.877903756891221e-16
202,2.0300000000000002e-10,4.810412949571866e-16,8.621458477020515e-16
203,2.0400000000000002e-10,4.773768173471938e-16,7.816184031405111e-16
204,2.0500000000000002e-10,4.638684962146174e-16,7.918747302797351e-16
205,2.06e-10,4.793280321323923e-16,8.299404121419529e-16
206,2.07e-10,4.587110224392234e-16,7.829375695923252e-16
207,2.08e-10,4.526837498593415e-16,7.446576661443497e-16
208,2.0900000000000003e-10,4.725168843803513e-16,7.877454180866191e-16
209,2.1000000000000002e-10,4.691705033647307e-16,8.216997138240169e-16
210,2.1100000000000002e-10,4.924634522206076e-16,8.264632025793688e-16
211,2.1200000000000002e-10,4.840866570304559e-16,8.070086169294203e-16
212,2.1300000000000001e-10,4.733665807931094e-16,7.517142328383761e-16
213,2.14e-10,4.869939245205739e-16,8.182376273988671e-16
214,2.15e-10,4.698291561146397e-16,7.637394936306306e-16
215,2.1600000000000003e-10,4.717492290384151e-16,7.155304466803987e-16
216,2.1700000000000003e-10,4.540775704011644e-16,6.790217303536527e-16
217,2.1800000000000002e-10,4.639266512437945e-16,7.669026382346051e-16
218,2.1900000000000002e-10,4.605570158884804e-16,7.452259143991665e-16
219,2.2000000000000002e-10,4.481737373743109e-16,7.651855514690732e-16
220,2.21e-10,4.62457569224403e-16,7.89460228756138e-16
221,2.22e-10,4.5481653970495e-16,7.80041174883193e-16
222,2.23e-10,4.497014723212329e-16,7.784435584326465e-16
223,2.2400000000000003e-10,4.702939159646993e-16,7.959798890103324e-16
224,2.2500000000000002e-10,4.865967479627134e-16,7.875353617760532e-16
225,2.2600000000000002e-10,4.957031552677792e-16,7.884285805647976e-16
226,2.2700000000000002e-10,4.878942600337658e-16,8.359703762596255e-16
227,2.2800000000000001e-10,4.999745648502029e-16,8.068534991606496e-16
228,2.29e-10,4.93179259169776e-16,8.279834327068675e-16
229,2.3e-10,4.885315504339622e-16,8.291827873666e-16
230,2.3100000000000003e-10,4.709933801099785e-16,8.185799840752656e-16
231,2.3200000000000003e-10,4.961028549762437e-16,8.36487553012206e-16
232,2.33e-10,4.683858159831369e-16,8.268260295820729e-16
233,2.34e-10,4.621982142879959e-16,8.505615291717479e-16
234,2.35e-10,4.637917313707391e-16,7.733034798099765e-16
235,2.36e-10,4.60583602871109e-16,8.193768940039251e-16
236,2.37e-10,4.674843287049797e-16,7.972684836540451e-16
237,2.38e-10,4.685875634830641e-16,9.077894407140037e-16
238,2.39e-10,4.557556116440977e-16,8.398150174280858e-16
239,2.4e-10,4.468139130737013e-16,8.040134399331724e-16
240,2.41e-10,4.744053893733294e-16,8.087050875762246e-16
241,2.4200000000000004e-10,4.671305976770379e-16,8.056240326421213e-16
242,2.4300000000000004e-10,4.706698531594961e-16,8.742985347417e-16
243,2.4400000000000004e-10,4.89910489829114e-16,8.258064462153621e-16
244,2.4500000000000003e-10,4.839775363461118e-16,8.292878819872928e-16
245,2.4600000000000003e-10,4.732687064694419e-16,7.883284847299949e-16
246,2.4700000000000003e-10,4.72888804959125e-16,8.354664894651666e-16
247,2.48e-10,4.522074266191245e-16,8.223491673756337e-16
248,2.49e-10,4.501518214222032e-16,7.869825726169348e-16
249,2.5e-10,4.681712535028807e-16,8.188840176082316e-16
250,2.51e-10,4.650988938474425e-16,8.220939025987298e-16
251,2.52e-10,4.804690492515767e-16,8.157388387343662e-16
252,2.53e-10,4.622227742123143e-16,7.885516863799921e-16
253,2.54e-10,4.611085107989854e-16,8.569615192019625e-16
254,2.55e-10,4.629762699391574e-16,8.273086365566898e-16
255,2.56e-10,4.813446674136028e-16,8.514648083986859e-16
256,2.5700000000000004e-10,4.6675786803837085e-16,8.953876271082136e-16
257,2.5800000000000004e-10,4.944212065795151e-16,9.072952710861887e-16
258,2.5900000000000004e-10,4.852978298620067e-16,9.360914983218001e-16
259,2.6000000000000003e-10,4.795211073854355e-16,9.217778514670706e-16
260,2.6100000000000003e-10,4.664262820114567e-16,9.091504034993906e-16
261,2.62e-10,4.535496702913458e-16,1.0142828096489343e-15
262,2.63e-10,4.982944440059206e-16,1.0017513831751509e-15
263,2.64e-10,4.831379506583347e-16,9.87270352345156e-16
264,2.65e-10,4.708357937629347e-16,9.401892943533227e-16
265,2.66e-10,4.971695560490638e-16,9.674754635208203e-16
266,2.67e-10,4.72730195831055e-16,9.281500165943057e-16
267,2.68e-10,4.964286112428815e-16,1.010770222050388e-15
268,2.69e-10,4.925711324364222e-16,9.984550707677149e-16
269,2.7e-10,4.94093508327904e-16,9.312925220090133e-16
270,2.7100000000000005e-10,4.768571144948719e-16,8.93476910594088e-16
271,2.7200000000000004e-10,4.811726232685613e-16,9.877897076895714e-16
272,2.7300000000000004e-10,4.901226827299756e-16,9.687587862098535e-16
273,2.7400000000000004e-10,4.797839515160471e-16,9.264975687823037e-16
274,2.7500000000000003e-10,4.602721606227746e-16,9.509297821560074e-16
275,2.7600000000000003e-10,5.027490169133127e-16,9.58770393720635e-16
276,2.77e-10,4.959219743193484e-16,9.56874623433736e-16
277,2.78e-10,4.874920572932654e-16,9.77638653644784e-16
278,2.79e-10,4.811059517182508e-16,9.800850096808094e-16
279,2.8e-10,4.843222998736738e-16,9.023708438439048e-16
280,2.81e-10,4.899071718307823e-16,9.548234993756256e-16
281,2.82e-10,4.822076337984863e-16,9.514188666602203e-16
282,2.83e-10,4.760742490413263e-16,9.080937331309515e-16
283,2.84e-10,4.762351948856355e-16,8.947029550319563e-16
284,2.85e-10,4.795982510374737e-16,9.26508181068407e-16
285,2.8600000000000005e-10,4.769182097323725e-16,9.388561169271873e-16
286,2.8700000000000004e-10,4.984923478709247e-16,9.035123509452574e-16
287,2.8800000000000004e-10,4.856423298759879e-16,8.945534840623825e-16
288,2.8900000000000004e-10,4.6685413263018e-16,9.365802441539616e-16
289,2.9000000000000003e-10,5.094039954721864e-16,9.060736592625668e-16
290,2.9100000000000003e-10,4.804030642270956e-16,9.406898709744246e-16
291,2.92e-10,4.818179124494278e-16,9.627033496250128e-16
292,2.93e-10,4.81014953122694e-16,9.354699313467248e-16
293,2.94e-10,4.941697593402876e-16,9.495488696319008e-16
294,2.95e-10,4.795948172896332e-16,8.905484528111083e-16
295,2.96e-10,4.672166469208888e-16,8.788205009489845e-16
296,2.97e-10,4.665421444745111e-16,9.02128921043929e-16
297,2.98e-10,4.814130264546743e-16,9.722467328993277e-16
298,2.99e-10,4.667884655217615e-16,9.58841071327046e-16
299,3e-10,4.754636782276819e-16,9.249388353452308e-16
300,3.0100000000000005e-10,4.834353482629974e-16,9.11096396902867e-16
301,3.0200000000000004e-10,4.78934500076651e-16,9.144546961633078e-16
302,3.0300000000000004e-10,4.842404426250484e-16,9.417552653129514e-16
303,3.0400000000000004e-10,4.736081528462965e-16,9.02244476311527e-16
304,3.0500000000000003e-10,4.868540074797921e-16,9.52650841572115e-16
305,3.0600000000000003e-10,5.270480415126976e-16,9.802658706295388e-16
306,3.07e-10,4.876843002813709e-16,9.451630905241602e-16
307,3.08e-10,4.665181243836906e-16,9.540106383215746e-16
308,3.09e-10,4.982612725249666e-16,9.152450254267007e-16
309,3.1e-10,4.908926355602565e-16,9.469857334765575e-16
310,3.11e-10,4.702330269034922e-16,9.539377068682266e-16
311,3.12e-10,4.530812958801672e-16,9.147151247492841e-16
312,3.13e-10,4.61086691876969e-16,8.91802931756421e-16
313,3.14e-10,4.80975588502595e-16,9.484876592782205e-16
314,3.1500000000000005e-10,4.809315736045997e-16,9.818087720782366e-16
315,3.1600000000000005e-10,4.642021923074106e-16,9.24897264517967e-16
316,3.1700000000000004e-10,4.573378715195412e-16,9.854817079810003e-16
317,3.1800000000000004e-10,4.961824340127135e-16,9.641529335815752e-16
318,3.1900000000000004e-10,4.934794557073915e-16,9.68191105647648e-16
319,3.2000000000000003e-10,4.9821195076076e-16,1.0039557150289986e-15
320,3.2100000000000003e-10,4.778364721816846e-16,9.062648724494995e-16
321,3.22e-10,4.639205314246756e-16,9.140475336724329e-16
322,3.23e-10,4.730543931529863e-16,9.796990394793468e-16
323,3.24e-10,4.825705969316168e-16,9.926500229111189e-16
324,3.25e-10,4.680328918128473e-16,9.36403623041777e-16
325,3.26e-10,4.881584241368906e-16,9.642509429683142e-16
326,3.27e-10,4.731315478081083e-16,1.0069084311709827e-15
327,3.28e-10,4.817446127709554e-16,1.0432750547442242e-15
328,3.29e-10,4.816635934705622e-16,1.0643808805649784e-15
329,3.3000000000000005e-10,4.869548292215988e-16,9.900715056339127e-16
330,3.3100000000000005e-10,4.761800212417592e-16,9.879820483796235e-16
331,3.3200000000000004e-10,4.803060078909174e-16,9.90841125212347e-16
332,3.3300000000000004e-10,4.8862465506861e-16,9.7840124332326e-16
333,3.3400000000000004e-10,4.912630981421674e-16,9.85458219090828e-16
334,3.3500000000000003e-10,4.87440264535346e-16,9.955325165715373e-16
335,3.3600000000000003e-10,4.766315893565865e-16,9.543072222142756e-16
336,3.37e-10,4.81612592418357e-16,9.264398018311445e-16
337,3.38e-10,4.561834887602547e-16,9.967159563074254e-16
338,3.39e-10,4.725248169159111e-16,9.705318830118418e-16
339,3.4e-10,4.857893802261933e-16,9.909587708866338e-16
340,3.41e-10,4.9940922699328e-16,1.036273621207599e-15
341,3.42e-10,4.601136898011621e-16,1.0130269323953655e-15
342,3.43e-10,4.895540743350283e-16,1.0599074622940838e-15
343,3.44e-10,4.85444037125724e-16,1.0371499293623305e-15
344,3.4500000000000005e-10,4.671505159758672e-16,9.84978709078315e-16
345,3.4600000000000005e-10,4.689863192851714e-16,1.027126243750709e-15
346,3.4700000000000004e-10,4.839303762332956e-16,9.778840440017615e-16
347,3.4800000000000004e-10,4.89804784499404e-16,1.0335026219500056e-15
348,3.4900000000000004e-10,4.753801954321158e-16,9.813081845902105e-16
349,3.5000000000000003e-10,4.643130408673071e-16,1.019893803395519e-15
350,3.5100000000000003e-10,4.650194074773269e-16,1.0204441123840551e-15
351,3.52e-10,4.585022458293655e-16,1.088902818192114e-15
352,3.53e-10,5.030328496081673e-16,1.0643844156678202e-15
353,3.54e-10,4.83705444388598e-16,1.0471389078692675e-15
354,3.55e-10,4.843607442285277e-16,1.0430125787565411e-15
355,3.56e-10,4.963548835600522e-16,1.0211582408149132e-15
356,3.57e-10,5.048356045631223e-16,1.0513755031634689e-15
357,3.58e-10,5.057909692278231e-16,1.1468040536547477e-15
358,3.5900000000000005e-10,4.725771808415691e-16,1.0887533824169027e-15
359,3.6000000000000005e-10,4.865557899515486e-16,1.0208530806845735e-15
360,3.6100000000000005e-10,4.931993112294678e-16,1.0455387096073684e-15
361,3.6200000000000004e-10,4.76497891913022e-16,9.611051469970624e-16
362,3.6300000000000004e-10,4.732656480464043e-16,8.846028370756574e-16
363,3.6400000000000004e-10,4.833915283866464e-16,9.314563017709454e-16
364,3.6500000000000003e-10,4.997831482641738e-16,9.886961427330143e-16
365,3.6600000000000003e-10,4.796219901931272e-16,9.411102480734074e-16
366,3.67e-10,5.010437591232418e-16,9.839397071972739e-16
367,3.68e-10,4.763024052143558e-16,9.382665737230211e-16
368,3.69e-10,4.965866537008442e-16,1.0229118758012679e-15
369,3.7e-10,4.868450390243844e-16,1.0010072549798219e-15
370,3.71e-10,5.0578352910847315e-16,9.834053830047629e-16
371,3.72e-10,4.873386566559245e-16,9.978168303669447e-16
372,3.73e-10,4.9682558841651e-16,9.669387442293292e-16
373,3.7400000000000005e-10,4.922901171031691e-16,9.891093356477831e-16
374,3.7500000000000005e-10,5.059906200077104e-16,1.0134571871576855e-15
375,3.7600000000000005e-10,4.974403927043055e-16,9.89365167899581e-16
376,3.7700000000000004e-10,5.121347083800874e-16,1.0043572103790728e-15
377,3.7800000000000004e-10,4.998133991584544e-16,9.850505806562885e-16
378,3.7900000000000004e-10,5.012400636231715e-16,9.761766368032217e-16
379,3.8000000000000003e-10,4.668381814882604e-16,9.512711900980899e-16
380,3.8100000000000003e-10,4.943166606669297e-16,9.655833813832928e-16
381,3.82e-10,5.069737481813814e-16,9.959041734486718e-16
382,3.83e-10,4.650826595743138e-16,9.915494512455268e-16
383,3.84e-10,4.76913983696023e-16,9.608689446149215e-16
384,3.85e-10,4.875156146434549e-16,9.913331947606151e-16
385,3.86e-10,4.862669593353644e-16,9.660408041327585e-16
386,3.87e-10,4.868007956831242e-16,9.498871649202655e-16
387,3.88e-10,4.669188008431423e-16,9.244447573162654e-16
388,3.8900000000000005e-10,4.983935296090887e-16,9.895115591508268e-16
389,3.9000000000000005e-10,5.013236748902465e-16,9.372301487242204e-16
390,3.9100000000000005e-10,4.907417637151847e-16,9.58948628691484e-16
391,3.9200000000000004e-10,4.977059224678302e-16,9.886409021501292e-16
392,3.9300000000000004e-10,5.008981170360896e-16,1.0057968270232906e-15
393,3.9400000000000004e-10,4.841385758210543e-16,9.688962762577722e-16
394,3.9500000000000003e-10,4.742786614052792e-16,9.506932610094778e-16
395,3.9600000000000003e-10,4.955216026191387e-16,9.72509188212694e-16
396,3.97e-10,4.667597053653456e-16,9.558098777011975e-16
397,3.98e-10,4.803658739873132e-16,9.34645986200684e-16
398,3.99e-10,4.815810619818653e-16,9.534794608748002e-16
399,4e-10,4.736483705227069e-16,9.489845305751254e-16
400,4.01e-10,4.698865581125822e-16,9.416618832951728e-16
401,4.02e-10,4.541776905776941e-16,9.282912446588576e-16
402,4.0300000000000006e-10,4.702358602986807e-16,9.610501804675063e-16
403,4.0400000000000005e-10,4.721686939320399e-16,9.389210531117698e-16
404,4.0500000000000005e-10,4.622412193946478e-16,1.0100099323471791e-15
405,4.0600000000000005e-10,4.793793243492662e-16,9.88134293110602e-16
406,4.0700000000000004e-10,5.077473558047026e-16,9.930180081969492e-16
407,4.0800000000000004e-10,4.931217952667905e-16,9.935400297203539e-16
408,4.0900000000000004e-10,4.778502295876379e-16,9.402432479389809e-16
409,4.1000000000000003e-10,4.806338317581948e-16,9.650671955573415e-16
410,4.1100000000000003e-10,4.939923760938907e-16,9.85423340429809e-16
411,4.12e-10,5.068697976728959e-16,1.0305730099235542e-15
412,4.13e-10,5.129777617630186e-16,1.0156421026925346e-15
413,4.14e-10,4.943969596795839e-16,1.0513176417726151e-15
414,4.15e-10,5.104664442557757e-16,9.634468010380669e-16
415,4.16e-10,5.0016655782948445e-16,1.010552531147892e-15
416,4.17e-10,5.030804710576136e-16,9.704642009212298e-16
417,4.1800000000000006e-10,4.876255012981552e-16,9.875259810686677e-16
418,4.1900000000000005e-10,5.044103049589783e-16,9.814948176922429e-16
419,4.2000000000000005e-10,5.049723436235446e-16,9.869046911058695e-16
420,4.2100000000000005e-10,4.940455540918303e-16,9.92370591219297e-16
421,4.2200000000000004e-10,4.756174727407413e-16,1.0418695007257635e-15
422,4.2300000000000004e-10,4.775949763863857e-16,9.799372675265533e-16
423,4.2400000000000004e-10,4.985186045212763e-16,1.0671122432712798e-15
424,4.2500000000000003e-10,4.884759684996029e-16,1.0853394179669052e-15
425,4.2600000000000003e-10,4.909914768350273e-16,1.0406574545792667e-15
426,4.27e-10,4.872508703727322e-16,9.824719028005257e-16
427,4.28e-10,4.962424796179425e-16,9.778601470258487e-16
428,4.29e-10,4.832741295651967e-16,9.907378957990956e-16
429,4.3e-10,4.960692605370844e-16,1.0057300790929692e-15
430,4.31e-10,4.90001026971034e-16,1.025185110801553e-15
431,4.3200000000000006e-10,4.903599790237924e-16,9.903676660044096e-16
432,4.3300000000000006e-10,5.106810179131109e-16,1.0438360956555824e-15
433,4.3400000000000005e-10,5.205544522237211e-16,1.0140688823149645e-15
434,4.3500000000000005e-10,4.986248174620758e-16,1.015853040335595e-15
435,4.3600000000000005e-10,5.007435674039213e-16,1.0060122786454648e-15
436,4.3700000000000004e-10,5.161925048757498e-16,1.0003931209250235e-15
437,4.3800000000000004e-10,5.281020750722821e-16,9.813538498911612e-16
438,4.3900000000000003e-10,4.919658823236045e-16,1.0331987138719332e-15
439,4.4000000000000003e-10,4.9373206000818755e-16,1.0433814645784354e-15
440,4.4100000000000003e-10,5.16487937327794e-16,9.934313661642453e-16
441,4.42e-10,5.076105964042145e-16,1.0043520492033543e-15
442,4.43e-10,4.821426139493e-16,9.971957084790479e-16
443,4.44e-10,4.86870369618098e-16,1.013179022935496e-15
444,4.45e-10,4.775643316362654e-16,9.691895989801424e-16
445,4.46e-10,4.718129911171201e-16,1.0295371943904163e-15
446,4.4700000000000006e-10,4.874831203465896e-16,1.0316214097110285e-15
447,4.4800000000000006e-10,4.996061444886773e-16,1.0152529171359825e-15
448,4.4900000000000005e-10,5.129095348420129e-16,1.0311479577343457e-15
449,4.5000000000000005e-10,4.657390449344116e-16,9.644421403612835e-16
450,4.5100000000000005e-10,4.9995368554816445e-16,1.0389829825270524e-15
451,4.5200000000000004e-10,5.124594076606428e-16,1.0520874283561278e-15
452,4.5300000000000004e-10,4.616720520977655e-16,1.0264877990666427e-15
453,4.5400000000000003e-10,4.578634714829689e-16,9.822721157335861e-16
454,4.5500000000000003e-10,4.487102407297712e-16,9.600777812629403e-16
455,4.5600000000000003e-10,5.028254953769026e-16,9.995829749600813e-16
456,4.57e-10,4.86385593665662e-16,1.0739412863869303e-15
457,4.58e-10,4.808692000981712e-16,1.044707883914217e-15
458,4.59e-10,4.9597098116119435e-16,9.866501358515313e-16
459,4.6e-10,5.015383065798103e-16,1.004467829938477e-15
460,4.61e-10,4.801096409259989e-16,9.88849241686886e-16
461,4.6200000000000006e-10,4.79319355723491e-16,9.893761418587608e-16
462,4.6300000000000006e-10,4.904911566956615e-16,9.53635953391543e-16
463,4.6400000000000005e-10,4.89695252224617e-16,1.0419100791061936e-15
464,4.6500000000000005e-10,4.991892025702977e-16,1.0580738220889648e-15
465,4.66e-10,5.002945698629283e-16,1.019980037013313e-15
466,4.67e-10,4.952118925972385e-16,9.916380516637686e-16
467,4.68e-10,4.972368350445e-16,1.052689743612233e-15
468,4.69e-10,4.999149514627974e-16,1.0498492703135438e-15
469,4.7e-10,4.867250845999121e-16,9.592099974366121e-16
470,4.71e-10,5.100905837454958e-16,1.0982488655016008e-15
471,4.72e-10,4.89268238317021e-16,9.704608375426583e-16
472,4.73e-10,4.665158979606659e-16,9.68821207536438e-16
473,4.74e-10,4.651102180957116e-16,9.404546440892326e-16
474,4.75e-10,4.694604532460302e-16,1.0528139049777543e-15
475,4.76e-10,4.878532357631679e-16,1.0121727233414205e-15
476,4.77e-10,4.785579576274349e-16,1.0358176916714386e-15
477,4.78e-10,4.782321676529428e-16,1.010960624141617e-15
478,4.79e-10,4.93315676946966e-16,1.0036536766741825e-15
479,4.8e-10,5.000200666850577e-16,9.930607390504403e-16
480,4.81e-10,4.870504844312197e-16,1.0069235400757052e-15
481,4.82e-10,4.812846718089531e-16,9.990892422261601e-16
482,4.83e-10,4.698703200685e-16,9.540452329649192e-16
483,4.840000000000001e-10,4.756659100970416e-16,9.960757212475965e-16
484,4.850000000000001e-10,4.756931896110625e-16,9.683013391758988e-16
485,4.860000000000001e-10,4.730966709001799e-16,9.29371370634531e-16
486,4.870000000000001e-10,4.867516962658599e-16,1.047319782359789e-15
487,4.880000000000001e-10,4.918057168408958e-16,9.511355067590596e-16
488,4.890000000000001e-10,4.798910364999123e-16,1.0077641926092963e-15
489,4.900000000000001e-10,4.855631355923123e-16,1.0298250725910581e-15
490,4.910000000000001e-10,4.701621685715877e-16,9.73436823888977e-16
491,4.920000000000001e-10,4.59898649207216e-16,9.345641753305207e-16
492,4.930000000000001e-10,4.68364553543045e-16,9.616362820791935e-16
493,4.940000000000001e-10,4.883960333023008e-16,9.967659154745483e-16
494,4.95e-10,4.92106055600037e-16,1.0337750318141552e-15
495,4.96e-10,4.716342691602004e-16,1.0285284742820037e-15
496,4.97e-10,4.892647987047114e-16,1.012619273958706e-15
497,4.98e-10,4.70157027428603e-16,9.948076724930293e-16
498,4.99e-10,4.775935827927227e-16,9.859716944160716e-16
499,5e-10,4.907950928579699e-16,1.0594058543999361e-15
500,5.01e-10,4.910494425460213e-16,1.0585184796124827e-15
501,5.02e-10,4.771458327879278e-16,1.0283193128630997e-15
502,5.03e-10,4.831894983915159e-16,9.888977946379629e-16
503,5.04e-10,4.451756440620642e-16,9.321285056488135e-16
504,5.05e-10,4.655130276895021e-16,9.846671345060725e-16
505,5.06e-10,4.615501426558554e-16,9.886638840489813e-16
506,5.07e-10,4.883998360338201e-16,1.0068591063503856e-15
507,5.08e-10,4.527126404817479e-16,1.0015984483041988e-15
508,5.09e-10,4.565596621221659e-16,9.718607685697522e-16
509,5.1e-10,4.532643722650252e-16,9.341899569599487e-16
510,5.11e-10,4.620970730509972e-16,9.84596307366246e-16
511,5.12e-10,4.741230710438556e-16,9.677495827563406e-16
512,5.130000000000001e-10,4.631573679728686e-16,1.0200022665455667e-15
513,5.140000000000001e-10,4.984705329897089e-16,1.0128824494301178e-15
514,5.150000000000001e-10,4.701952617051521e-16,1.0262286148107795e-15
515,5.160000000000001e-10,4.771740868927868e-16,1.001750103874943e-15
516,5.170000000000001e-10,4.894076446701242e-16,1.0221866927210078e-15
517,5.180000000000001e-10,4.655500646735999e-16,9.764724727537531e-16
518,5.190000000000001e-10,4.799460262391082e-16,8.942410205713508e-16
519,5.200000000000001e-10,4.829251785845613e-16,9.695174759312397e-16
520,5.210000000000001e-10,4.59284445046956e-16,9.406387562906818e-16
521,5.220000000000001e-10,4.566778046452518e-16,9.358012876762754e-16
522,5.230000000000001e-10,4.677957990072411e-16,9.58715746822731e-16
523,5.24e-10,4.829859861784879e-16,9.831266669482465e-16
524,5.25e-10,4.9722197037493145e-16,1.018862275480363e-15
525,5.26e-10,4.698784474802574e-16,9.633429597880513e-16
526,5.27e-10,4.822392425707223e-16,9.883126665460794e-16
527,5.28e-10,4.76758366033482e-16,9.121367316314465e-16
528,5.29e-10,4.78066901390792e-16,9.341493783247441e-16
529,5.3e-10,5.017639784998537e-16,9.83942435481542e-16
530,5.31e-10,4.756428425804358e-16,9.151243789764784e-16
531,5.32e-10,4.928833142744977e-16,9.895378353583717e-16
532,5.33e-10,4.94064619922931e-16,1.0229133761805594e-15
533,5.34e-10,4.858844237446248e-16,9.920937022025125e-16
534,5.35e-10,5.120466659525136e-16,1.0236468988969537e-15
535,5.36e-10,4.819923642576687e-16,9.707341159378443e-16
536,5.37e-10,5.039192017438735e-16,9.718249708900658e-16
537,5.38e-10,4.730333303857473e-16,9.413643409021222e-16
538,5.39e-10,4.793652948848235e-16,9.702367235274467e-16
539,5.4e-10,5.066774245993145e-16,9.566059084883026e-16
540,5.41e-10,4.90024573947688e-16,9.89116921275874e-16
541,5.420000000000001e-10,5.16171866787672e-16,9.841987797077875e-16
542,5.430000000000001e-10,4.798871891601139e-16,9.94629192540822e-16
543,5.440000000000001e-10,5.09723528491685e-16,1.0296361420286592e-15
544,5.450000000000001e-10,4.842130424501759e-16,9.704629480124264e-16
545,5.460000000000001e-10,4.575872391872431e-16,9.2012155609165e-16
546,5.470000000000001e-10,4.837995714078136e-16,9.899037292678743e-16
547,5.480000000000001e-10,4.896923637571403e-16,1.0126167173258951e-15
548,5.490000000000001e-10,4.723671582165223e-16,1.0043074652803288e-15
549,5.500000000000001e-10,4.746834405773391e-16,9.907757548749059e-16
550,5.510000000000001e-10,5.123718995848226e-16,1.007306404413431e-15
551,5.520000000000001e-10,4.709952380726545e-16,9.515444841177944e-16
552,5.530000000000001e-10,4.829288119024564e-16,9.949961403614055e-16
553,5.54e-10,4.567861082599326e-16,9.012994716080487e-16
554,5.55e-10,4.923982270255152e-16,1.0172778737772059e-15
555,5.56e-10,4.95250943039939e-16,1.028719857567947e-15
556,5.57e-10,4.92875936946844e-16,9.639921416592978e-16
557,5.58e-10,4.595237219395024e-16,9.664025087659003e-16
558,5.59e-10,4.837668737705715e-16,1.0194920710290724e-15
559,5.6e-10,4.87924192915081e-16,1.0564808639013885e-15
560,5.61e-10,4.939852055982111e-16,1.0118252299579997e-15
561,5.62e-10,4.679127631495708e-16,1.0024751209145175e-15
562,5.63e-10,4.7928507489705685e-16,1.0481087374516298e-15
563,5.64e-10,4.783894249362421e-16,9.877243348236622e-16
564,5.65e-10,4.581621822952621e-16,1.0068806489906994e-15
565,5.66e-10,4.6215454364475895e-16,1.0181629767163046e-15
566,5.67e-10,4.824258226000647e-16,1.0578168644265718e-15
567,5.68e-10,4.654582987326294e-16,1.0237537399889495e-15
568,5.69e-10,4.665560424651923e-16,1.0222645590997136e-15
569,5.7e-10,4.917742731478077e-16,1.0520551408939751e-15
570,5.71e-10,4.909159781742609e-16,1.034058911587694e-15
571,5.720000000000001e-10,4.707139899759018e-16,1.0150485768391922e-15
572,5.730000000000001e-10,4.980129937760626e-16,1.0284363194807227e-15
573,5.740000000000001e-10,5.058185109820201e-16,1.0306889890064028e-15
574,5.750000000000001e-10,4.90442027514636e-16,1.0257524686214611e-15
575,5.760000000000001e-10,5.04355900557724e-16,1.028439894542467e-15
576,5.770000000000001e-10,4.802734819891164e-16,1.0260529823474915e-15
577,5.780000000000001e-10,4.763327314208415e-16,1.0012316514121107e-15
578,5.790000000000001e-10,4.987872341864772e-16,9.579197279909608e-16
579,5.800000000000001e-10,4.901720085139776e-16,1.0096718187029058e-15
580,5.810000000000001e-10,5.181721147639502e-16,1.0196014740160725e-15
581,5.820000000000001e-10,4.921435526397067e-16,1.0667717895556412e-15
582,5.830000000000001e-10,5.078039046452906e-16,1.0942908652938824e-15
583,5.84e-10,4.802263392082435e-16,9.79942887384821e-16
584,5.85e-10,4.870922273028999e-16,9.829028453625166e-16
585,5.86e-10,5.011081932444232e-16,1.0701505247497768e-15
586,5.87e-10,4.940477350322434e-16,9.94324196425227e-16
587,5.88e-10,4.942836250160056e-16,1.0296817439135728e-15
588,5.89e-10,5.121570841475058e-16,1.0363754775724124e-15
589,5.9e-10,5.07767406887259e-16,9.940659789722355e-16
590,5.91e-10,4.868206849806919e-16,9.952900294125752e-16
591,5.92e-10,4.957433078617046e-16,1.0144726721608715e-15
592,5.93e-10,4.966936740546815e-16,9.505576555827485e-16
593,5.94e-10,5.004473765462986e-16,1.0328005326476661e-15
594,5.95e-10,4.905901472943095e-16,9.937898557225634e-16
595,5.96e-10,5.299855953546986e-16,1.067854524955321e-15
596,5.97e-10,5.125966506313668e-16,1.0821035823398259e-15
597,5.98e-10,5.145364875515331e-16,1.060255403162338e-15
598,5.99e-10,5.038957092220212e-16,1.0047813696770355e-15
599,6e-10,5.11630143243865e-16,1.0590805778400278e-15
600,6.010000000000001e-10,5.325782624577168e-16,1.0597387644286682e-15
601,6.020000000000001e-10,4.868130398127003e-16,1.044727723548453e-15
602,6.030000000000001e-10,5.095889554964901e-16,1.075817478771497e-15
603,6.040000000000001e-10,5.388827549415424e-16,1.055815822414077e-15
604,6.050000000000001e-10,5.060714225462281e-16,9.78936702664815e-16
605,6.060000000000001e-10,5.447296941976117e-16,1.1265183005738047e-15
606,6.070000000000001e-10,5.289934782396123e-16,1.031011548870499e-15
607,6.080000000000001e-10,5.339966816116247e-16,1.152947312698567e-15
608,6.090000000000001e-10,5.197597870074069e-16,1.002186206083662e-15
609,6.100000000000001e-10,5.33002964189361e-16,1.0403360991276105e-15
610,6.110000000000001e-10,5.129487452510374e-16,1.0225036195816068e-15
611,6.120000000000001e-10,5.24812804042953e-16,1.064700199088803e-15
612,6.130000000000001e-10,5.112111324625492e-16,9.877178357950128e-16
613,6.14e-10,5.230536756871947e-16,1.020449227580912e-15
614,6.15e-10,5.259113253026111e-16,1.0389918924827044e-15
615,6.16e-10,5.299336430761972e-16,1.1353663375277705e-15
616,6.17e-10,5.098880213367732e-16,1.0790785475970384e-15
617,6.18e-10,5.164986251511214e-16,1.1068381923088665e-15
618,6.19e-10,5.340036683572242e-16,1.0997456856859617e-15
619,6.2e-10,5.361641592669305e-16,1.086548781773027e-15
620,6.21e-10,5.480014053318489e-16,1.175773753528201e-15
621,6.22e-10,5.299956367325354e-16,1.1031732908540105e-15
622,6.23e-10,5.394380682258907e-16,1.0883088001823448e-15
623,6.24e-10,5.551221118440383e-16,1.1446357903982773e-15
624,6.25e-10,5.550108939900448e-16,1.1434373278782302e-15
625,6.26e-10,5.552880180386591e-16,1.1274543496813471e-15
626,6.27e-10,5.53101413486351e-16,1.018933427359803e-15
627,6.28e-10,5.352789474171957e-16,1.0894539693974675e-15
628,6.29e-10,5.526393528398158e-16,1.1178099389129638e-15
629,6.300000000000001e-10,5.453037681680411e-16,1.0767344612320822e-15
630,6.310000000000001e-10,5.654937656596202e-16,1.1053447557721438e-15
631,6.320000000000001e-10,5.694887640128793e-16,1.1880336839670024e-15
632,6.330000000000001e-10,5.615831479417958e-16,1.056637634499947e-15
633,6.340000000000001e-10,5.571448480596352e-16,1.1660790171981913e-15
634,6.350000000000001e-10,5.515059948199444e-16,1.0929984322212502e-15
635,6.360000000000001e-10,5.200590148773179e-16,1.0268930582071486e-15
636,6.370000000000001e-10,5.457992120649081e-16,1.0819961554268135e-15
637,6.380000000000001e-10,5.277086648796412e-16,1.107602433446924e-15
638,6.390000000000001e-10,5.411137493768315e-16,1.08074703041633e-15
639,6.400000000000001e-10,5.379832674294972e-16,1.0710096291936026e-15
640,6.410000000000001e-10,5.477571615082183e-16,1.0828895235348842e-15
641,6.420000000000001e-10,5.517557459611225e-16,1.082980616340364e-15
642,6.430000000000001e-10,5.655010367206987e-16,1.1093934464080002e-15
643,6.44e-10,5.479230484725924e-16,1.0715208775836007e-15
644,6.45e-10,5.491994514818028e-16,1.0843890415298157e-15
645,6.46e-10,5.594245548517392e-16,1.1312701986414168e-15
646,6.47e-10,5.621925778318679e-16,1.1305375575112995e-15
647,6.48e-10,5.557690792015315e-16,1.0605656409262945e-15
648,6.49e-10,5.70467164371474e-16,1.0752259680412091e-15
649,6.5e-10,5.561461654018054e-16,1.0483983512202544e-15
650,6.51e-10,5.37715077966889e-16,1.0204002015794754e-15
651,6.52e-10,5.194682921518715e-16,1.045690998182053e-15
652,6.53e-10,5.205515534262704e-16,1.1038490818176564e-15
653,6.54e-10,5.370579857427192e-16,1.1269343103569816e-15
654,6.55e-10,5.419524684074197e-16,1.0415777089110604e-15
655,6.56e-10,5.525014597177834e-16,1.1043313442033427e-15
656,6.57e-10,5.547422229767873e-16,1.0893046908198222e-15
657,6.58e-10,5.285378162381395e-16,1.0767598494478587e-15
658,6.590000000000001e-10,5.506911678607639e-16,1.0554636825020387e-15
659,6.600000000000001e-10,5.519764079861324e-16,1.009885503038328e-15
660,6.610000000000001e-10,5.557025831406677e-16,1.0879740507423878e-15
661,6.620000000000001e-10,5.497092309234395e-16,1.0843397027671653e-15
662,6.630000000000001e-10,5.508967339496666e-16,1.10630734142073e-15
663,6.640000000000001e-10,5.3356111793524e-16,1.0447921883389178e-15
664,6.650000000000001e-10,5.19387307435955e-16,1.034257688719637e-15
665,6.660000000000001e-10,5.347740813012673e-16,1.0342896942121233e-15
666,6.670000000000001e-10,5.291315552780034e-16,1.035990430446752e-15
667,6.680000000000001e-10,5.313057791657649e-16,1.009153040848627e-15
668,6.690000000000001e-10,5.332072283623998e-16,1.0806108839925117e-15
669,6.700000000000001e-10,5.282459987697249e-16,1.049907608674799e-15
670,6.710000000000001e-10,5.56852895551562e-16,1.044494782123433e-15
671,6.720000000000001e-10,5.315537329968173e-16,1.0753026238123852e-15
672,6.730000000000001e-10,5.480095296163149e-16,1.1271709466871512e-15
673,6.74e-10,5.323627039666629e-16,1.1139962560298374e-15
674,6.75e-10,5.448709366827381e-16,1.033621995712528e-15
675,6.76e-10,5.217027169061893e-16,1.009648582271657e-15
676,6.77e-10,5.187287552151138e-16,1.0261083255910214e-15
677,6.78e-10,5.159200832501021e-16,1.029013472739924e-15
678,6.79e-10,5.101160145608336e-16,1.033564458050479e-15
679,6.8e-10,5.111380519908532e-16,1.0154604579602592e-15
680,6.81e-10,5.026623207179012e-16,1.0005448477586726e-15
681,6.82e-10,5.128449338434072e-16,1.0373836152647865e-15
682,6.83e-10,5.046064466575398e-16,1.035288238026527e-15
683,6.84e-10,5.290984596057937e-16,1.0225068232359286e-15
684,6.85e-10,4.8384868636444745e-16,1.033382483937376e-15
685,6.86e-10,5.221625166386846e-16,1.0027319025103665e-15
686,6.87e-10,4.971742462872607e-16,1.0242584218675336e-15
687,6.88e-10,5.322175557197942e-16,1.058990898651156e-15
688,6.890000000000001e-10,5.04367557392393e-16,1.047896305742957e-15
689,6.900000000000001e-10,4.907941527712282e-16,1.0511061914912101e-15
690,6.910000000000001e-10,5.236979859351179e-16,1.0710052059204688e-15
691,6.920000000000001e-10,5.268053950585402e-16,1.0635558946471254e-15
692,6.930000000000001e-10,5.095819432894607e-16,1.1179439358979658e-15
693,6.940000000000001e-10,4.974939215860918e-16,1.0999278586431706e-15
694,6.950000000000001e-10,5.145527638840385e-16,1.094948742036243e-15
695,6.960000000000001e-10,5.127595440119037e-16,1.0924734714389793e-15
696,6.970000000000001e-10,5.223694669371507e-16,1.1203424651529725e-15
697,6.980000000000001e-10,5.051962730307753e-16,1.0696081077753182e-15
698,6.990000000000001e-10,5.162482588785496e-16,1.1482478202983469e-15
699,7.000000000000001e-10,5.413170582997987e-16,1.1631418787217482e-15
700,7.010000000000001e-10,5.088612171314473e-16,1.0750543048220133e-15
701,7.020000000000001e-10,5.358013090503369e-16,1.0549790613482704e-15
702,7.030000000000001e-10,5.459111592582492e-16,1.0927915119761621e-15
703,7.04e-10,5.343358388601653e-16,1.1297885983786274e-15
704,7.05e-10,5.153971048978069e-16,1.0976118416521348e-15
705,7.06e-10,5.383858369556733e-16,1.0472958742946937e-15
706,7.07e-10,5.218190831053819e-16,1.0854962223963572e-15
707,7.08e-10,5.398756619005631e-16,1.067667146786551e-15
708,7.09e-10,5.19124489072758e-16,1.0430367896874697e-15
709,7.1e-10,5.62662012941459e-16,1.139909999618073e-15
710,7.11e-10,5.7076276088045e-16,1.0936381806061488e-15
711,7.12e-10,5.527076490696963e-16,1.0539718002807697e-15
712,7.13e-10,5.883446163907621e-16,1.0646461981084756e-15
713,7.14e-10,5.569118537507588e-16,1.0711371540143485e-15
714,7.15e-10,5.674002344117101e-16,1.1097671312924307e-15
715,7.16e-10,5.942069910821021e-16,1.081610768930714e-15
716,7.17e-10,5.548018581159196e-16,1.092598614322194e-15
717,7.180000000000001e-10,5.71988976552902e-16,1.1077346685118304e-15
718,7.190000000000001e-10,5.843764699901408e-16,1.1351051031757035e-15
719,7.200000000000001e-10,5.695841607709425e-16,1.0797197775661323e-15
720,7.210000000000001e-10,5.438941713989763e-16,1.1358071597423195e-15
721,7.220000000000001e-10,5.564720232517009e-16,1.1353527035578866e-15
722,7.230000000000001e-10,5.831922251632593e-16,1.1698324516820194e-15
723,7.240000000000001e-10,5.614743733986962e-16,1.1374646008504738e-15
724,7.250000000000001e-10,5.723843538035027e-16,1.1091998511390453e-15
725,7.260000000000001e-10,5.673864398233765e-16,1.1235005507001816e-15
726,7.270000000000001e-10,5.85667789381749e-16,1.103252473585044e-15
727,7.280000000000001e-10,5.863594171983377e-16,1.0797540481485096e-15
728,7.290000000000001e-10,5.780817691035909e-16,1.0874491802810156e-15
729,7.300000000000001e-10,5.731255563614158e-16,1.1317780632197683e-15
730,7.310000000000001e-10,5.743840894001103e-16,1.0676187630476493e-15
731,7.320000000000001e-10,5.917638432046939e-16,1.0797290075476769e-15
732,7.330000000000001e-10,5.78871893728993e-16,1.165751851909458e-15
733,7.34e-10,5.593236581556913e-16,1.1137513485334484e-15
734,7.35e-10,5.713698259968127e-16,1.0542045302058099e-15
735,7.36e-10,5.463321526669936e-16,1.1550182610106664e-15
736,7.37e-10,5.661052768251153e-16,1.0877900293099751e-15
737,7.38e-10,5.666642645367201e-16,1.2475011918916203e-15
738,7.39e-10,5.493130684751226e-16,1.156412979524723e-15
739,7.4e-10,5.534830274155422e-16,1.174166724818112e-15
740,7.41e-10,5.439640164671786e-16,1.1586131078120005e-15
741,7.42e-10,5.496055594593789e-16,1.1778203763619617e-15
742,7.43e-10,5.387983625935723e-16,1.200616057044469e-15
743,7.44e-10,5.619195427584633e-16,1.1682310365096132e-15
744,7.45e-10,5.42285414540392e-16,1.1183740425878887e-15
745,7.46e-10,5.370538424085378e-16,1.1899873222000269e-15
746,7.470000000000001e-10,5.623144502838694e-16,1.1649872967318634e-15
747,7.480000000000001e-10,5.58483434383647e-16,1.2562079967225229e-15
748,7.490000000000001e-10,5.6671333637807875e-16,1.1929928039818706e-15
749,7.500000000000001e-10,5.613447850311588e-16,1.1664478876392133e-15
750,7.510000000000001e-10,5.410353535615796e-16,1.168415953184897e-15
751,7.520000000000001e-10,5.811707058477904e-16,1.1811102756284103e-15
752,7.530000000000001e-10,5.496534266387227e-16,1.229983111648275e-15
753,7.540000000000001e-10,5.693367227293823e-16,1.164837032625939e-15
754,7.550000000000001e-10,5.795594330834613e-16,1.151089444143777e-15
755,7.560000000000001e-10,5.691365064486498e-16,1.168470410828461e-15
756,7.570000000000001e-10,5.550465277718123e-16,1.2167566780867793e-15
757,7.580000000000001e-10,5.488216481633922e-16,1.198594671409717e-15
758,7.590000000000001e-10,5.734442082474858e-16,1.2540316820987852e-15
759,7.600000000000001e-10,5.526247274260333e-16,1.1275939560155595e-15
760,7.610000000000001e-10,5.736603594793699e-16,1.2006431587758052e-15
761,7.620000000000001e-10,5.475520914955871e-16,1.1474628126540156e-15
762,7.630000000000001e-10,5.695952190012787e-16,1.1273327018917431e-15
763,7.64e-10,5.2898411345652e-16,1.149585772924615e-15
764,7.65e-10,5.639794196881602e-16,1.2124489768645011e-15
765,7.66e-10,5.569416665151821e-16,1.229769748458098e-15
766,7.67e-10,5.738020074504261e-16,1.1963056516611858e-15
767,7.68e-10,5.79186232562586e-16,1.2273837685570533e-15
768,7.69e-10,5.872448520304015e-16,1.211181659320264e-15
769,7.7e-10,5.396188262161848e-16,1.197389860880048e-15
770,7.71e-10,5.834342441146937e-16,1.1461386839718448e-15
771,7.72e-10,5.77064959812429e-16,1.1174404683216968e-15
772,7.73e-10,5.608898045764095e-16,1.0559256762260212e-15
773,7.74e-10,5.553139706215743e-16,1.140986060637992e-15
774,7.75e-10,5.494830022561625e-16,1.0812082047967778e-15
775,7.76e-10,5.451043647788828e-16,1.1273019400809894e-15
776,7.770000000000001e-10,5.737451060726323e-16,1.0882929052242805e-15
777,7.780000000000001e-10,5.607117806771242e-16,1.0747503741918101e-15
778,7.790000000000001e-10,5.68433972212933e-16,1.0465375264220451e-15
779,7.800000000000001e-10,5.543571656612204e-16,1.0980102460362341e-15
780,7.810000000000001e-10,5.632237406044736e-16,1.1179006976601833e-15
781,7.820000000000001e-10,5.46909931815352e-16,1.1312849678293151e-15
782,7.830000000000001e-10,5.593642396614905e-16,1.1693380672622258e-15
783,7.840000000000001e-10,5.544411775949104e-16,1.1402086014985635e-15
784,7.850000000000001e-10,5.6260276569369855e-16,1.1112581438585478e-15
785,7.860000000000001e-10,5.804425308257839e-16,1.1484398485707353e-15
786,7.870000000000001e-10,5.577153321784189e-16,1.1018178320985043e-15
787,7.880000000000001e-10,5.766262715763722e-16,1.1640647201465338e-15
788,7.890000000000001e-10,5.687701835879394e-16,1.1378718246136652e-15
789,7.900000000000001e-10,5.987367917579227e-16,1.1794429116778075e-15
790,7.910000000000001e-10,6.150637992164417e-16,1.1485185810143511e-15
791,7.920000000000001e-10,6.029279774946211e-16,1.09108594563468e-15
792,7.930000000000001e-10,5.722092224150721e-16,1.1430845649777646e-15
793,7.94e-10,5.818710148084521e-16,1.1094127727240216e-15
794,7.95e-10,5.607316667015705e-16,1.0901253346854128e-15
795,7.96e-10,5.750284771880636e-16,1.103888139045027e-15
796,7.97e-10,5.80279424144725e-16,1.0704068398456932e-15
797,7.98e-10,5.858981321186319e-16,1.1788886787461024e-15
798,7.99e-10,5.580336893878593e-16,1.116386700912521e-15
799,8e-10,5.897516707008853e-16,1.1811482675153798e-15
800,8.01e-10,5.936561799235585e-16,1.1699566628918755e-15
801,8.02e-10,5.704500952482803e-16,1.1181110235589658e-15
802,8.03e-10,5.523447467176637e-16,1.0756108100313373e-15
803,8.04e-10,5.498151544337844e-16,1.1268208714069337e-15
804,8.05e-10,5.885641697541207e-16,1.0840006648063196e-15
805,8.060000000000001e-10,5.716411084800173e-16,1.1187487509310853e-15
806,8.070000000000001e-10,5.5187556194673e-16,1.1803862358757692e-15
807,8.080000000000001e-10,5.633171009476394e-16,1.2257566081109908e-15
808,8.090000000000001e-10,5.95830619058704e-16,1.2185346034316493e-15
809,8.100000000000001e-10,5.763351094188949e-16,1.2195480450049436e-15
810,8.110000000000001e-10,5.895499128361832e-16,1.1890921091458762e-15
811,8.120000000000001e-10,5.826767992840579e-16,1.1758047799056655e-15
812,8.130000000000001e-10,6.081123897230787e-16,1.209956145737378e-15
813,8.140000000000001e-10,5.897664073886541e-16,1.1768836521737646e-15
814,8.150000000000001e-10,5.886210276797304e-16,1.213199695542148e-15
815,8.160000000000001e-10,5.980642926767623e-16,1.1985289807825261e-15
816,8.170000000000001e-10,5.924010142448804e-16,1.1849641340721989e-15
817,8.180000000000001e-10,6.026547456004007e-16,1.197505999936353e-15
818,8.190000000000001e-10,6.051920535554356e-16,1.1542452039098947e-15
819,8.200000000000001e-10,6.172574416172134e-16,1.17877193842697e-15
820,8.210000000000001e-10,6.100928426833714e-16,1.1715062907008984e-15
821,8.220000000000001e-10,6.380478521856932e-16,1.1852658303844103e-15
822,8.230000000000001e-10,6.156845267506795e-16,1.1230805131048808e-15
823,8.24e-10,6.152817699044874e-16,1.235136629401428e-15
824,8.25e-10,5.951774119318024e-16,1.234941738587853e-15
825,8.26e-10,5.938257450930271e-16,1.161376278180799e-15
826,8.27e-10,5.816231637830114e-16,1.1821371920575477e-15
827,8.28e-10,6.133337782702478e-16,1.2341276881723229e-15
828,8.29e-10,6.177592899277848e-16,1.2352913038356797e-15
829,8.3e-10,6.136075646470842e-16,1.270778990705622e-15
830,8.31e-10,5.651113600509256e-16,1.1487774831264788e-15
831,8.32e-10,6.000054877431512e-16,1.2356060516252048e-15
832,8.33e-10,5.96312254054127e-16,1.178749095880545e-15
833,8.34e-10,6.069941230859269e-16,1.1933513756353479e-15
834,8.350000000000001e-10,6.2014324193863e-16,1.205695278429012e-15
835,8.360000000000001e-10,6.179945971933136e-16,1.1955021357778894e-15
836,8.370000000000001e-10,6.013426488043098e-16,1.1963258611431275e-15
837,8.380000000000001e-10,6.093667636038302e-16,1.1986185143037492e-15
838,8.390000000000001e-10,6.326322683821524e-16,1.228388097355677e-15
839,8.400000000000001e-10,5.98081074479792e-16,1.2020175439293753e-15
840,8.410000000000001e-10,6.392516787489219e-16,1.2605801687941218e-15
841,8.420000000000001e-10,5.954999647954631e-16,1.1806650519102565e-15
842,8.430000000000001e-10,5.847413696605225e-16,1.2037875430672599e-15
843,8.440000000000001e-10,6.243646505171174e-16,1.1872156950835977e-15
844,8.450000000000001e-10,5.7947007033725935e-16,1.1432717243498284e-15
845,8.460000000000001e-10,6.118418600174208e-16,1.2451840873402205e-15
846,8.470000000000001e-10,6.073600242967955e-16,1.2491376374370959e-15
847,8.480000000000001e-10,6.462687982134922e-16,1.3405862598023399e-15
848,8.490000000000001e-10,6.194102600188133e-16,1.2589094757895826e-15
849,8.500000000000001e-10,6.292871933338805e-16,1.3447847312532265e-15
850,8.510000000000001e-10,6.229767219603502e-16,1.3351850278248882e-15
851,8.520000000000001e-10,6.118823132081357e-16,1.2683292707646188e-15
852,8.530000000000001e-10,6.291435077774727e-16,1.2420035530480274e-15
853,8.54e-10,6.159734224484161e-16,1.283172965479838e-15
854,8.55e-10,6.459820603886479e-16,1.3003437175821321e-15
855,8.56e-10,6.594310273226562e-16,1.360594776534682e-15
856,8.57e-10,6.382407960690196e-16,1.3821073909220839e-15
857,8.58e-10,6.245941235175679e-16,1.241491392400919e-15
858,8.59e-10,6.485884314528916e-16,1.3043027714427481e-15
859,8.6e-10,6.75315053199255e-16,1.3327740841758396e-15
860,8.61e-10,6.431367654566032e-16,1.388930576076722e-15
861,8.62e-10,6.29155379386678e-16,1.3637784126268827e-15
862,8.63e-10,6.295611824519728e-16,1.2981301613369897e-15
863,8.640000000000001e-10,6.191807622168313e-16,1.311720742171601e-15
864,8.650000000000001e-10,6.547945576565176e-16,1.3835866174486699e-15
865,8.660000000000001e-10,6.212179172025443e-16,1.2990313346858834e-15
866,8.670000000000001e-10,6.451763689786347e-16,1.3344873911888763e-15
867,8.680000000000001e-10,6.304577169594673e-16,1.2998867542904623e-15
868,8.690000000000001e-10,6.274787307985378e-16,1.3446094572021315e-15
869,8.700000000000001e-10,6.442342846326858e-16,1.3342232453991713e-15
870,8.710000000000001e-10,6.580798850283709e-16,1.3551448165467094e-15
871,8.720000000000001e-10,6.665778014943844e-16,1.3671285021915716e-15
872,8.730000000000001e-10,6.30315850619792e-16,1.344283024007827e-15
873,8.740000000000001e-10,6.407058633975306e-16,1.393213930780823e-15
874,8.750000000000001e-10,6.434702607612888e-16,1.352471177296703e-15
875,8.760000000000001e-10,6.042982176035392e-16,1.275522576832668e-15
876,8.770000000000001e-10,6.174748654912797e-16,1.3585053720340679e-15
877,8.780000000000001e-10,6.43412337106639e-16,1.2962510946016526e-15
878,8.790000000000001e-10,6.262989379120967e-16,1.3576042170236817e-15
879,8.800000000000001e-10,6.372252680149726e-16,1.36283414617672e-15
880,8.810000000000001e-10,6.276349870602891e-16,1.2782353693313904e-15
881,8.820000000000001e-10,6.350175251484888e-16,1.3313573357152869e-15
882,8.830000000000001e-10,6.745651216336787e-16,1.3070132537966683e-15
883,8.84e-10,6.277190644129953e-16,1.2487609024689112e-15
884,8.85e-10,6.76222221734125e-16,1.343676142112554e-15
885,8.86e-10,6.737683467625779e-16,1.3275732488517311e-15
886,8.87e-10,6.435235847909802e-16,1.288844788252893e-15
887,8.88e-10,6.139514825825739e-16,1.2071153500398566e-15
888,8.89e-10,6.277996824337467e-16,1.2131651847627332e-15
889,8.9e-10,6.555977605542492e-16,1.253603705507678e-15
890,8.91e-10,6.4895407721249e-16,1.2972904227781878e-15
891,8.92e-10,6.352607812502916e-16,1.230644147222386e-15
892,8.93e-10,6.55150490864578e-16,1.3939432971051764e-15
893,8.940000000000001e-10,6.612485820083397e-16,1.3280554793882462e-15
894,8.950000000000001e-10,6.568148124092677e-16,1.3638641724686969e-15
895,8.960000000000001e-10,6.528793817855779e-16,1.3503034803265297e-15
896,8.970000000000001e-10,6.431321736275336e-16,1.2981635742025805e-15
897,8.980000000000001e-10,7.011904371481012e-16,1.3899741439187804e-15
898,8.990000000000001e-10,6.586067510519603e-16,1.3507311577366523e-15
899,9.000000000000001e-10,6.715094552719235e-16,1.3468137400935832e-15
900,9.010000000000001e-10,6.810595715259999e-16,1.4210895441391601e-15
901,9.020000000000001e-10,6.870911639334556e-16,1.3942472433242948e-15
902,9.030000000000001e-10,7.025116894634084e-16,1.3239201397560783e-15
903,9.040000000000001e-10,6.761010150043549e-16,1.323812311904271e-15
904,9.050000000000001e-10,6.739391031535395e-16,1.3602531385727011e-15
905,9.060000000000001e-10,6.626453293949583e-16,1.421600337920846e-15
906,9.070000000000001e-10,6.701540673542895e-16,1.4727713893712676e-15
907,9.080000000000001e-10,6.675329218732804e-16,1.3403164670164887e-15
908,9.090000000000001e-10,6.50962697650437e-16,1.3812065696951298e-15
909,9.100000000000001e-10,6.674300183088098e-16,1.412069153309404e-15
910,9.110000000000001e-10,6.699828346933101e-16,1.4279258334226666e-15
911,9.120000000000001e-10,6.653262933955018e-16,1.4202695535946096e-15
912,9.130000000000001e-10,6.626360804964373e-16,1.4673175526758533e-15
913,9.14e-10,6.560383635536644e-16,1.442244401323743e-15
914,9.15e-10,6.463885911050391e-16,1.4011901094725204e-15
915,9.16e-10,6.862684145624477e-16,1.418479406927595e-15
916,9.17e-10,6.606866706622914e-16,1.5015500356554538e-15
917,9.18e-10,6.667679173439079e-16,1.4272928431185285e-15
918,9.19e-10,6.623574131792987e-16,1.4303458697557716e-15
919,9.2e-10,6.590946068533125e-16,1.4450244217608464e-15
920,9.21e-10,6.840957362920716e-16,1.3886798438820324e-15
921,9.22e-10,6.907253001019938e-16,1.4828858764715964e-15
922,9.230000000000001e-10,6.614784014725073e-16,1.3889212670469135e-15
923,9.240000000000001e-10,6.441215578732279e-16,1.3851411825058053e-15
924,9.250000000000001e-10,6.675223363513756e-16,1.5000744319968652e-15
925,9.260000000000001e-10,6.551346074348837e-16,1.4342484984864067e-15
926,9.270000000000001e-10,6.543996547458131e-16,1.4370967384194446e-15
927,9.280000000000001e-10,6.618625005804876e-16,1.4732584617458153e-15
928,9.290000000000001e-10,6.634821671683871e-16,1.3921156320564026e-15
929,9.300000000000001e-10,6.56254610982543e-16,1.4154737918695043e-15
930,9.310000000000001e-10,6.540196834303679e-16,1.4094457220409343e-15
931,9.32e-10,6.259871951301578e-16,1.4355248786192765e-15
932,9.33e-10,6.363166324695399e-16,1.411674133299567e-15
933,9.34e-10,6.461812152069436e-16,1.3990049239410489e-15
934,9.35e-10,6.497266033475988e-16,1.4611928142771404e-15
935,9.36e-10,6.651995757763433e-16,1.4397506457482291e-15
936,9.37e-10,6.512539996419086e-16,1.4191169691926879e-15
937,9.38e-10,6.43216147490936e-16,1.4314725702770118e-15
938,9.390000000000002e-10,6.352437579507865e-16,1.3921446965179754e-15
939,9.4e-10,6.616618535416561e-16,1.3627457731172273e-15
940,9.410000000000002e-10,6.540548616318164e-16,1.4856138041362575e-15
941,9.42e-10,6.569824638342981e-16,1.4189928266626282e-15
942,9.430000000000002e-10,6.686122921611922e-16,1.4294360633022289e-15
943,9.44e-10,6.76526586465184e-16,1.5495768813450301e-15
944,9.450000000000001e-10,6.515904266000483e-16,1.47469222133691e-15
945,9.46e-10,6.636668049722226e-16,1.4745782036990912e-15
946,9.470000000000001e-10,6.587985201388441e-16,1.5140871704097843e-15
947,9.48e-10,6.671084311602067e-16,1.5758830985760727e-15
948,9.490000000000001e-10,6.288806909093486e-16,1.5090671326084193e-15
949,9.5e-10,6.423562534771226e-16,1.5208572835597428e-15
950,9.510000000000001e-10,6.678850342352215e-16,1.5640150519626434e-15
951,9.52e-10,6.6963537192781e-16,1.6004988570466814e-15
952,9.530000000000001e-10,6.531187188203454e-16,1.6064798917158573e-15
953,9.54e-10,6.49544474160703e-16,1.51188808369493e-15
954,9.550000000000001e-10,6.357408154445477e-16,1.470377449011071e-15
955,9.56e-10,6.379041943775234e-16,1.5045790447310612e-15
956,9.570000000000001e-10,6.772784216571981e-16,1.488882770296583e-15
957,9.58e-10,6.270643354765104e-16,1.4820625083630194e-15
958,9.59e-10,6.408124936065428e-16,1.5251416802122742e-15
959,9.6e-10,6.454781149416019e-16,1.5365605549006583e-15
960,9.61e-10,6.836339614898124e-16,1.5221747400232146e-15
961,9.62e-10,6.4363916063401e-16,1.4434846772296541e-15
962,9.63e-10,6.416386052394377e-16,1.5244749760402042e-15
963,9.64e-10,6.458685372033505e-16,1.4896688616276538e-15
964,9.65e-10,6.518622255999648e-16,1.5316598938499636e-15
965,9.66e-10,6.517491087342951e-16,1.556556918729082e-15
966,9.67e-10,6.687570743795799e-16,1.5436727949842624e-15
967,9.680000000000002e-10,6.47531192879529e-16,1.4245081923212477e-15
968,9.69e-10,6.6460588030046e-16,1.5548775544805927e-15
969,9.700000000000002e-10,6.476472266717304e-16,1.5046218607745636e-15
970,9.71e-10,6.402227168862237e-16,1.5631657024743911e-15
971,9.720000000000002e-10,6.47115007151749e-16,1.550777418060407e-15
972,9.73e-10,6.65102311154635e-16,1.461186350665922e-15
973,9.740000000000002e-10,6.4082792078948e-16,1.539786896363918e-15
974,9.75e-10,6.435170489092511e-16,1.4597318668640882e-15
975,9.760000000000001e-10,6.421127799704517e-16,1.472870059902423e-15
976,9.77e-10,6.565786818801518e-16,1.5133348051771488e-15
977,9.780000000000001e-10,6.437007560146756e-16,1.494984060362084e-15
978,9.79e-10,6.302718849677942e-16,1.4934141939599677e-15
979,9.800000000000001e-10,6.566769116475093e-16,1.5122439264535661e-15
980,9.81e-10,6.552947934277595e-16,1.4985700309319202e-15
981,9.820000000000001e-10,6.411448304175941e-16,1.5538546135626118e-15
982,9.83e-10,6.407962782659822e-16,1.481500845767507e-15
983,9.840000000000001e-10,6.348681776906674e-16,1.5707312696414976e-15
984,9.85e-10,6.13906461506539e-16,1.5046501421222814e-15
985,9.860000000000001e-10,6.533817558773794e-16,1.4456961290946325e-15
986,9.87e-10,6.177540649043362e-16,1.5096341064854743e-15
987,9.880000000000001e-10,6.521077840123816e-16,1.48658143345277e-15
988,9.89e-10,6.643438857715762e-16,1.459378229518453e-15
989,9.9e-10,6.403220985349061e-16,1.4128999911279655e-15
990,9.91e-10,6.474821310380372e-16,1.4606477005753176e-15
991,9.92e-10,6.453868360705972e-16,1.4924399872750075e-15
992,9.93e-10,6.303410523102694e-16,1.5459212255829324e-15
993,9.94e-10,6.329217346709086e-16,1.5472758459877942e-15
994,9.95e-10,6.353010190796253e-16,1.467155832418753e-15
995,9.96e-10,6.475286912018116e-16,1.5483766632060198e-15
996,9.970000000000002e-10,6.10365869870304e-16,1.5251104088004707e-15
997,9.98e-10,6.214080160979854e-16,1.518233233847324e-15
998,9.990000000000002e-10,6.340946721391643e-16,1.5500278927563077e-15
999,1e-09,6.328943371057378e-16,1.5408393967329177e-15
